File Name,Folder Path,MD5,SHA-1,SHA-256
.environment_info.json,.,4A9F1EDA9CAC30718CE7EF0913661110,3D94B0E24196E501C2FF411C0EF1C8285AC4C438,8EB3ACC722AEA3D8F0CED12D42A68EBE407294E61E577B2D270CD7E0376207F7
command_line_parameters.devops.v00.60.08.075.tsv,.,5164F89F3C453498CD1D12FAB3DB623A,37DFDAE5826010084B1189D18BA753274BA3D3C1,8F23B55A9B4C2F780EB743B5725BDD49A56667617150E875214757ACDBE8182B
devops_version.v00.60.08.075.version,.,D41D8CD98F00B204E9800998ECF8427E,DA39A3EE5E6B4B0D3255BFEF95601890AFD80709,E3B0C44298FC1C149AFBF4C8996FB92427AE41E4649B934CA495991B7852B855
LIMITATIONS_and_CAVEATS.md,.,B4F5DD7B168855C93EDE6F9DD2DCD6A1,67D632E4082BA8FCF1F4CB0C89A4F1D8C9F09AEB,4D9A878E117373E4643020EF2B9588F893DF25ABE9E43EAEEF57FCF4D2D6BE19
README.md,.,CE0ADDCA5565703BFEBAD1DBD7896214,5E3426F98AE328BD75AD3A363A1FCA6FEEA7E8D5,D27104BB8C18A044239A6244CB600CB0BF1F5A96DB9A0173B555F64C00AAAEC1
solution_info.devops.dev.v00.60.08.075.json,.,AA31FCAAA2DF9BA52E91AF5CB13F9E2D,9284DF8D7F15F6D832B370B1342E0F43B20D8231,0AB7D22B07D5A3DD29F3549F91A7CE702EA10B774674924F4BE8347E14803D99
solution_info.json,.,21AFC39E95C3647A30D443751351ED10,5CB12FD25B1EF5170BC4805F45FEBEAF8A5538F3,21761D5293FBC4E4415F9F10830D14A83DD4F532B65476B243ED679339D05DEB
supported_objects.v00.60.08.075.tsv,.,C8180EB8DA475FBD6FE3F77F47AE6B5A,9E79B906406616927B710CE963DD970CCFDA56AD,BFC93ADF6B357BFE77D750DE5FC77DC90F0658F4D9CB1D0F432957B563C213E4
supported_objects.version.tsv.md,.,CFE80F406199F3978E2C99B4B092DAEB,B9E2B4028A1A122FCFE5B745883D11D15DA2C66A,C9C3C5C65F1ADAD14C7E156F93C5C68F303C4F123F152AAEA1570072F57D0418
v00.60.08.075.wip.2022-03-11-1330CST.info,.,D41D8CD98F00B204E9800998ECF8427E,DA39A3EE5E6B4B0D3255BFEF95601890AFD80709,E3B0C44298FC1C149AFBF4C8996FB92427AE41E4649B934CA495991B7852B855
.environment_info.json,.\devops.dev,4A9F1EDA9CAC30718CE7EF0913661110,3D94B0E24196E501C2FF411C0EF1C8285AC4C438,8EB3ACC722AEA3D8F0CED12D42A68EBE407294E61E577B2D270CD7E0376207F7
command_line_parameters.devops.v00.60.08.075.tsv,.\devops.dev,5164F89F3C453498CD1D12FAB3DB623A,37DFDAE5826010084B1189D18BA753274BA3D3C1,8F23B55A9B4C2F780EB743B5725BDD49A56667617150E875214757ACDBE8182B
devops_version.v00.60.08.075.version,.\devops.dev,D41D8CD98F00B204E9800998ECF8427E,DA39A3EE5E6B4B0D3255BFEF95601890AFD80709,E3B0C44298FC1C149AFBF4C8996FB92427AE41E4649B934CA495991B7852B855
LIMITATIONS_and_CAVEATS.md,.\devops.dev,B4F5DD7B168855C93EDE6F9DD2DCD6A1,67D632E4082BA8FCF1F4CB0C89A4F1D8C9F09AEB,4D9A878E117373E4643020EF2B9588F893DF25ABE9E43EAEEF57FCF4D2D6BE19
README.md,.\devops.dev,CE0ADDCA5565703BFEBAD1DBD7896214,5E3426F98AE328BD75AD3A363A1FCA6FEEA7E8D5,D27104BB8C18A044239A6244CB600CB0BF1F5A96DB9A0173B555F64C00AAAEC1
solution_info.devops.dev.v00.60.08.075.json,.\devops.dev,AA31FCAAA2DF9BA52E91AF5CB13F9E2D,9284DF8D7F15F6D832B370B1342E0F43B20D8231,0AB7D22B07D5A3DD29F3549F91A7CE702EA10B774674924F4BE8347E14803D99
solution_info.json,.\devops.dev,21AFC39E95C3647A30D443751351ED10,5CB12FD25B1EF5170BC4805F45FEBEAF8A5538F3,21761D5293FBC4E4415F9F10830D14A83DD4F532B65476B243ED679339D05DEB
supported_objects.v00.60.08.075.tsv,.\devops.dev,C8180EB8DA475FBD6FE3F77F47AE6B5A,9E79B906406616927B710CE963DD970CCFDA56AD,BFC93ADF6B357BFE77D750DE5FC77DC90F0658F4D9CB1D0F432957B563C213E4
supported_objects.version.tsv.md,.\devops.dev,CFE80F406199F3978E2C99B4B092DAEB,B9E2B4028A1A122FCFE5B745883D11D15DA2C66A,C9C3C5C65F1ADAD14C7E156F93C5C68F303C4F123F152AAEA1570072F57D0418
v00.60.08.075.wip.2022-03-11-1330CST.info,.\devops.dev,D41D8CD98F00B204E9800998ECF8427E,DA39A3EE5E6B4B0D3255BFEF95601890AFD80709,E3B0C44298FC1C149AFBF4C8996FB92427AE41E4649B934CA495991B7852B855
api_add_csv_error_handling_to_csv_file.sh,.\devops.dev\objects.wip\csv_tools.wip,372CF2843FB8F7CD23EB770546CEC051,0850B00825143E1FDDE62254FEA6C4FC7C4C362E,8EF264E5B73C89B522FD22F9AE7F18AE020BBCF1345E1706453005F476EFF08A
api_subpend_csv_error_handling_to_object_csv_files.sh,.\devops.dev\objects.wip\csv_tools.wip,5821B17EAA58CA31E9024504A1503B95,0274E7AC0C57955125E1FE992C7E3FF2F658ADE8,5D1A75DC14C8136F3A80C9829F1B48EFC03BC81A3D62287539A2C876EF33F87B
csv_tools_version.v00.60.08.075.version,.\devops.dev\objects.wip\csv_tools.wip,3338DA1300806A703E9A8832A8764921,E1D3628A667CECD7299E900D2A8C9AA60E22920D,D8B5C91B58ED21EC2B9A5C33D632E3CE157FCCA8F908433F333D787978A19DA5
.common_csv_exports.sh,.\devops.dev\objects.wip\export_import.wip,618411587FE75DAC40C8CFC28F3246E4,8772186670F3A2FCB6CE422FC4F8E38630652B56,B16B948F9AC53527193B4265FD80566847E7FC13A2CC7D9F3295A7CB52D26A9B
.common_csv_exports_mdsm.sh,.\devops.dev\objects.wip\export_import.wip,DC24A2E4A16D8C111D59405629D76486,0A3AC8368DB15A2E6BA0A96D9FFCA0538003BCA2,D3B64AF458CA75121D13BA6B45CAC077332C5017326CB3298D7F1795B98AD38A
.common_exports.sh,.\devops.dev\objects.wip\export_import.wip,99A6CE3B2892B6B9C9BB08DE5753D9E9,0D6506382795144AC6A71E833A3FBE77420DE1A8,5B1AC6189642980A867BAD02695D32452FFB9CFE8D225AAA414CBD1598469B38
.common_exports_mdsm.sh,.\devops.dev\objects.wip\export_import.wip,90D196A7D3AC540AB25938DED84F8C63,CEB65D41E5FD4D6BDD504758494E0CE0334A9D41,84C978555B41DB75BD7378C1F267CBC010E06FA5742800F25CC2C22FF91D2D5F
.testing_schema.MDSM.2021-02-23.sh,.\devops.dev\objects.wip\export_import.wip,57A9FB55E48636DDF5CDBEEB399E6C4A,15D0075D6890D355F239B10A1DECD778880CDC6A,BC2DEA15BF05AB969747E6E5FACFCA94B5E53EAA42DFF9C22AA98B6503D4ADC3
.testing_schema.SMS.2021-02-23.sh,.\devops.dev\objects.wip\export_import.wip,750C60479600F5EB2175C9C24EA7C801,D25639FFA5CB17CFCB10A11A475F4AB2E468DC10,DD7869021E4D7A5E35B3BB00A9165445CEBFF2A8016B884F4383688E2EF3F22E
500plus_objects_to_single_json_in_dump.lite.sh,.\devops.dev\objects.wip\export_import.wip,C4A4B5C522807E128286EE55D15F7DD2,BFBA5B81CA909DEED581FEA73180435666D79A83,DC27B2407100A79BD1F36DE8FDAC8FA88F0939FEF0249884B94CAD0ED0E819BD
cli_api_actions.export_objects_to_csv.sh,.\devops.dev\objects.wip\export_import.wip,B41497D97F788863E7D5950DC62ECC48,91BEF202272D16774CC84451F5B09E42ADE96CA8,2B189E99286BB7EE99886C25147C58897A284119FAFB265F0C408E99C46E24FD
cli_api_actions.export_objects_to_json.sh,.\devops.dev\objects.wip\export_import.wip,681F8CE369E633949444D5A49370CD8D,465D04C087BC6D96D148E93C1325CD64ED403898,E9B697C2989953BB411FD4A5AB0FD1D6C85ED8119574DFAE3F73717AFEFE6FC5
cli_api_delete_objects_using_csv.sh,.\devops.dev\objects.wip\export_import.wip,A7171210866217CD97EE15B389262594,FEA64411F7E51B1A08EB296D7095534F92EF2EFF,FAFD0D3BC4E090CC8A2FE0A144E9FBBCD3433D0278DAB8AB66D2B6AA1C20EC76
cli_api_export_all_domains_objects.sh,.\devops.dev\objects.wip\export_import.wip,471905BA151E07C58C52B7B542A7488B,641AF4162F6C0A785B265D1241EDBCA5C0566188,66C70D186BDF4B7A30C603695A64FC3279C8F89E940FED14E82EA06C7BDFF277
cli_api_export_all_domains_objects_to_csv.sh,.\devops.dev\objects.wip\export_import.wip,880AC5F0931CDFF21827221A10F3C4BB,804E0CFDA5A622D02AD17C04486CFC34F213FAFE,AB9C5DA3FAC20F25907FB25B6DC8B435788B945734EB6B71C192FD02FDEA2C5C
cli_api_export_objects.sh,.\devops.dev\objects.wip\export_import.wip,BD03FB72B3F419C8AA2E8BA60F824411,956C98C5E0E15703E2DCD53A1BD64D97A7883DA8,B7EA4F2C0C5E71F87EF5C1FA4FE8EC1D37423813EE5E16BA09AD496E2983340C
cli_api_export_objects_to_csv.sh,.\devops.dev\objects.wip\export_import.wip,CCD4A63951E0F96CA75436708E1A83D7,1EFC0B95A6E32F3CD83DAE06367C9F5F48BA8299,B526F6F0FFA0723BB565254906BFED3E87D77B58A9545C534CF9E7B12A678911
cli_api_export_objects_to_csv.testing.msdm.sh,.\devops.dev\objects.wip\export_import.wip,D31DB9C643B4314F80EBB59BFB591162,5D49AB987D0EEB81B3D15B13FC9D33E707533E38,648624F1AB6627E562F998D9D6474C21642AF4C19556581563A7F1576FAD8B43
cli_api_export_objects_to_csv.testing.sh,.\devops.dev\objects.wip\export_import.wip,0D3F565524AD254C35B6EE5598B27FD5,B3E6FB9E4FC84C774E9309769AD8AEAABD389B9D,FC1727C59E2A62652FC1833385247A800C47309221145895443541D867170B9F
cli_api_import_objects_from_csv.sh,.\devops.dev\objects.wip\export_import.wip,DFF0C6B87E8B510AF0E8F08177CC2A45,5A15741171C65BD09513E82F9D48323B4AEC3003,D3784AC055F5CE47A671374B17DE596FC8D3F182212690898BDF9FB83FDB79CA
cli_api_rename_to_new_name_objects_from_csv.sh,.\devops.dev\objects.wip\export_import.wip,2AD7029490C35730D17687E1F8CE233E,7759D052B560CEBC42FDDA3B2DAF6039C0FB7809,1E04A3D08583753521079C857083BCD65A7B1C1B30FC05776D6FF3D8B4D0935C
cli_api_set_update_objects_from_csv.sh,.\devops.dev\objects.wip\export_import.wip,DC8C4011A5DDC0C2E1D45897B6120A95,CB34DE69EF189507C0161C9BB9E1612D7A3845BA,9521C458EDA233A8E2AFAC3C7B6813AB8D0E1F70709A242AE64BC1E6AB35A11B
export_import_version.v00.60.08.075.version,.\devops.dev\objects.wip\export_import.wip,356F57DC3213F02339CB85FA1C119023,7752E8507F159C8F51E3D96FA84963AD08DE2E06,FEEC82C9A21C7AB7715D66CDD0D3BC27DCBD8415ECF781646080CFE2636D9513
export_objects_definition.json,.\devops.dev\objects.wip\export_import.wip,9BF78E156387261CDBB0ADD7AB3778F4,609A02F43886FD14D520873B71ED8D6145051AD8,5A0410633318D6E5CCB02F7A63CAEEA3395BCCCF79BC04937C6B56F5619F7684
export_objects_definition.template.json,.\devops.dev\objects.wip\export_import.wip,5F076B06067EE1D04831BAC11B75FDF5,8D8576B82E6960AF1C9C74DA48DF5C79C7357F0C,6190DA3EE3B421C15865B85BCB8A322F81D2F49B7E9F08B3635AFCC935D410A0
export_objects_definition.test.json,.\devops.dev\objects.wip\export_import.wip,A68B558F68B154E61803269EDAEDEF78,4B6D1BB1B0BF9C54EDC8E105293BF9CD494F171F,23A9518CE10311CE9D5A096356853F10503FFDB579F6560005CCD973A3F81A02
refresh_json_object_repository.mdsm.sh,.\devops.dev\objects.wip\export_import.wip,2A7E21DDCA93580165A48A804439CDBB,06B918AF41ABDE6EC49668345FC80103C9A5FAC9,40A8352020DC0F133EC7DE3F625E41267A6181310A75F46204A91CC927108CF7
refresh_json_object_repository.sh,.\devops.dev\objects.wip\export_import.wip,B291CDFD277EC68C3976C60F50DB5C36,47B996DE3C30D535AD3E43A7019FCA622405B013,B7F08FA21AB78A725E4AB94DCD16A141A7C33B5E6DD89EBD02AD7475AF27F2E8
supported_objects.WIP.v00.60.08.075.tsv,.\devops.dev\objects.wip\export_import.wip,C8180EB8DA475FBD6FE3F77F47AE6B5A,9E79B906406616927B710CE963DD970CCFDA56AD,BFC93ADF6B357BFE77D750DE5FC77DC90F0658F4D9CB1D0F432957B563C213E4
wip.object_export_testing.sh,.\devops.dev\objects.wip\export_import.wip,5415BD84F918F7AEA6EFB2952641A40A,42A836C2345E88CF0386E760C1F7F53727C59726,75E5AAB0C1800B822E33D148A57BE6B97CEABCDEB26587A029C77B73FF2FBDBF
wip.test_read_exobdef_json_file.sh,.\devops.dev\objects.wip\export_import.wip,2F7F540DD026A245A6316024E0F5510B,31A53D8DFCBF3BDD45B9B92D43F7DF55FE973CB7,D7971B6F075D121740E8F775939E1E0ADD00CAE4BA730DF27926103CD3B4CF55
address-ranges_name_csv.csv,.\devops.dev\objects.wip\export_import.wip\test\delete.csv,E55C852E3179A1122487D43AB13C6EB7,C5E5AB69CBD10556A7CD5EF01EC1918A24AB6725,0F18F59272F3D108483140F66BC873C6539C6E5F6352C4A61ABB44F3FC793F2F
dns-domains_name_csv.csv,.\devops.dev\objects.wip\export_import.wip\test\delete.csv,32798C4F6D37449ED9DB682166410534,3057B794E407C454CA89A46F72B36E3D7FDCF3E7,E76AFB441927AF5AF800E5C7D302DFF20F9CB3B49D10E2F75547B0767DDD21C4
groups-with-exclusion_name_csv.csv,.\devops.dev\objects.wip\export_import.wip\test\delete.csv,BAC40512084D12D5880E46DCEAC91258,F3E19EC05007014B8B871AAAB5D9E45468A470CD,5309C0D0D2C10037ADC5891E455CE408E1D94BA07625E2D5010BC27593B601BE
groups_name_csv.csv,.\devops.dev\objects.wip\export_import.wip\test\delete.csv,208A399B82EE9EAFB9D4C274EAEAEF92,D8D43A3084B4AD306B2B00BC6D1A19CB46391F7D,9EC4E8182A11740609BF2268BBA2CA6BFD4B6BC0208E9415B08DD60E9EAC4865
hosts_name_csv.csv,.\devops.dev\objects.wip\export_import.wip\test\delete.csv,5DFFE08A343FC66B0035CD482911BE14,B80A2CD5FA18990B2BF140949E49D86CC86AD34E,557F16E452FB634CAAAA14EDFFD66023E52278672D4AC6C63B5F72422F36E67D
networks_name_csv.csv,.\devops.dev\objects.wip\export_import.wip\test\delete.csv,DA3BE8BC552D1A0E181BBCB7C1C14EE2,3D66BD16594CA43D1D788CEE6BBCDD67A919C26C,907457F0D7820C35ECA4F9B16966D32543314D6BF1EFF558486A5B09208C69B7
security-zones_name_csv.csv,.\devops.dev\objects.wip\export_import.wip\test\delete.csv,B9F4B3C7A0ABC009EA8CF0270CFC2439,1D2A73D9DBB2D8403B6F1DD107BE1406DE4EF301,00475A55D9225DA9F589634BC4C7BCB267E022396452B0338BC7A245D8758EBC
address-ranges_name_csv.csv,.\devops.dev\objects.wip\export_import.wip\test\delete.large.csv,E55C852E3179A1122487D43AB13C6EB7,C5E5AB69CBD10556A7CD5EF01EC1918A24AB6725,0F18F59272F3D108483140F66BC873C6539C6E5F6352C4A61ABB44F3FC793F2F
dns-domains_name_csv.csv,.\devops.dev\objects.wip\export_import.wip\test\delete.large.csv,32798C4F6D37449ED9DB682166410534,3057B794E407C454CA89A46F72B36E3D7FDCF3E7,E76AFB441927AF5AF800E5C7D302DFF20F9CB3B49D10E2F75547B0767DDD21C4
groups-with-exclusion_name_csv.csv,.\devops.dev\objects.wip\export_import.wip\test\delete.large.csv,BAC40512084D12D5880E46DCEAC91258,F3E19EC05007014B8B871AAAB5D9E45468A470CD,5309C0D0D2C10037ADC5891E455CE408E1D94BA07625E2D5010BC27593B601BE
groups_name_csv.csv,.\devops.dev\objects.wip\export_import.wip\test\delete.large.csv,208A399B82EE9EAFB9D4C274EAEAEF92,D8D43A3084B4AD306B2B00BC6D1A19CB46391F7D,9EC4E8182A11740609BF2268BBA2CA6BFD4B6BC0208E9415B08DD60E9EAC4865
hosts_name_csv.csv,.\devops.dev\objects.wip\export_import.wip\test\delete.large.csv,E6C448110D719BA86A2B9E2232E2B331,6B0C03E2397F36547BB7EBAA77FAE69D5B8ACD6E,817B3C811F62D6408B2919DCE87B4274A63E2C7777A1A92813EA7128E314A8F4
networks_name_csv.csv,.\devops.dev\objects.wip\export_import.wip\test\delete.large.csv,DA3BE8BC552D1A0E181BBCB7C1C14EE2,3D66BD16594CA43D1D788CEE6BBCDD67A919C26C,907457F0D7820C35ECA4F9B16966D32543314D6BF1EFF558486A5B09208C69B7
security-zones_name_csv.csv,.\devops.dev\objects.wip\export_import.wip\test\delete.large.csv,B9F4B3C7A0ABC009EA8CF0270CFC2439,1D2A73D9DBB2D8403B6F1DD107BE1406DE4EF301,00475A55D9225DA9F589634BC4C7BCB267E022396452B0338BC7A245D8758EBC
address-ranges_full_csv.csv,.\devops.dev\objects.wip\export_import.wip\test\import.csv,AB74229838EAD2A1B9A8ACA2320747B9,8961ECF2287BC7D5A157563FDF1482EDD156749F,7A078EFC3C19382238D0BC9F8B0EE42DC5A59F63724FA3A344ACECA8B730E7DC
dns-domains_full_csv.csv,.\devops.dev\objects.wip\export_import.wip\test\import.csv,932D7F09940D99C7BAAC422420F69A35,5B1BF9F70B2E781E89C48EB564A513422D7CCEA5,CE00D75674CDBC741A98A576C888F1A26F1CC4CAF2094F66E96ABE3A5F94CF5C
group-members_full_csv.csv,.\devops.dev\objects.wip\export_import.wip\test\import.csv,E4111D781B47E4610E1EA8561BF1A837,A4520563D12D4F99C175ACFBB17DFC2BFD9921DA,F7A972EB6F64D514B13249413044E43057BE938C078E9CE64A21D187DD6AF850
groups-with-exclusion_full_csv.csv,.\devops.dev\objects.wip\export_import.wip\test\import.csv,901DD3C1CC32901249F1F59512D5055E,370D3F1DB565B9E9A24E489FEE7BDF5EF2C9228F,F5CFD20940372E1E60F9366221C7D7F504CA8C9BA375E1EE617D40683D270958
groups_full_csv.csv,.\devops.dev\objects.wip\export_import.wip\test\import.csv,1DA42AE762707D61DDE2E0A4811BE9D7,F6B18630C6294E8CC705139FA12DAB63CBC529D8,541B95C346C0D00473093E497424ED8796E7654560AB8DD8CADDD49B9739E874
host-interfaces_full_csv.csv,.\devops.dev\objects.wip\export_import.wip\test\import.csv,7DCBE1C722322A9F49552881C4BB03F7,FBE829CC8B59FA20874C9CF26414140074FCB475,F3C0C7646E4179E7EF3EBC00CC8DCD50A1AB3E7DE6912CD34D9FC83088EA85EF
hosts_full_csv.csv,.\devops.dev\objects.wip\export_import.wip\test\import.csv,685EB7F529390CC554E2833A23CEEC1F,FB4F3B7042F303C8C7B8C442F87E1CFBEFB2671E,6B8776D30509FAE93D0D8D5B1BDA66CC7899EEB17ABE2AEFA2B2D51795228951
networks_full_csv.csv,.\devops.dev\objects.wip\export_import.wip\test\import.csv,2A9882883E4D72AF356CB33EE76E85B9,C16DBAD7BA256E1EA5A6B70B070BD080AC627BF5,17EEB0B9BD76A8DE9293E01FD95484D583B2065F32719879095763FF385B21D9
security-zones_full_csv.csv,.\devops.dev\objects.wip\export_import.wip\test\import.csv,6CEBD00F9B0F36E36FDA3FC760D9170A,28081A5B298D4261917206B2560DA3A07F467F05,E4F4403FD9D9F481C970E4672F75651482782BE8ED0067B0B71447E532C53360
address-ranges_full_csv.csv,.\devops.dev\objects.wip\export_import.wip\test\import.large.csv,D2121DD5F5D125021C8C34F263693311,71FACDBB08FB56EAD8152AB65B5AFD6DC4250419,381DA106AE1B2AC7B275992861DBEBF7A8BB8F7A7D02990CE14E08D2050FDD01
dns-domains_full_csv.csv,.\devops.dev\objects.wip\export_import.wip\test\import.large.csv,932D7F09940D99C7BAAC422420F69A35,5B1BF9F70B2E781E89C48EB564A513422D7CCEA5,CE00D75674CDBC741A98A576C888F1A26F1CC4CAF2094F66E96ABE3A5F94CF5C
group-members_full_csv.csv,.\devops.dev\objects.wip\export_import.wip\test\import.large.csv,E4111D781B47E4610E1EA8561BF1A837,A4520563D12D4F99C175ACFBB17DFC2BFD9921DA,F7A972EB6F64D514B13249413044E43057BE938C078E9CE64A21D187DD6AF850
groups-with-exclusion_full_csv.csv,.\devops.dev\objects.wip\export_import.wip\test\import.large.csv,AB97C3CB6F80B6AC12283CA25ABDE8A4,52F085A4FD6090FEF3C19B6D4D7A01B1D7101417,3AC035F86C76CF2A85B8513963F5259F7E88B60424F02DBC93D11E8030BB673E
groups_full_csv.csv,.\devops.dev\objects.wip\export_import.wip\test\import.large.csv,2844870D179D524F412B3A360A1E2C80,0ED49F6A09873F18865120A6203F635E50D16D82,471F10005B232EBE19C0E2DD8BEFDF1E0EB7CBD80125C2725EAB10B5403B2098
host-interfaces_full_csv.csv,.\devops.dev\objects.wip\export_import.wip\test\import.large.csv,EBF17AF356E41ECA17DFE4FAC7E99678,17665664854D518226D08BBBBB337D291E9FB48E,BBA3C33465844216FD35C65040F0BA9F1ED3A1A255F7127B144D441FBC46D69F
hosts_full_csv.csv,.\devops.dev\objects.wip\export_import.wip\test\import.large.csv,3207F4199407C5411680268162E732D7,9C60BB286614CD08F19CF323A830FD8DD33DE46E,9B0D4B51240995673F69913EDF9E3915E22D2E4A15764F6AE8CFC38CB71D857D
networks_full_csv.csv,.\devops.dev\objects.wip\export_import.wip\test\import.large.csv,3313DDAFDECF199CD1B2032DBC527A02,B305D9EC7F57E5C80119E362BF3341855ECC48C1,B51D3319C9116BC0F5637A019990767F11A293B9DB428F244CC5DE380801E20A
security-zones_full_csv.csv,.\devops.dev\objects.wip\export_import.wip\test\import.large.csv,933C407149A4CB192AF9B77C6252075D,BACEE39EC1F279F6599DE21F91347A5BBA188F80,D0980FEA58F8DC7869FF65D9B2F7AEC38415BFA852E7DF6057A14BFBC1FEFCBC
groups_full_csv.csv,.\devops.dev\objects.wip\export_import.wip\test\set_update.csv,BC892867B68C907A28A413D617650560,BED6E8DB0F43B786ED714A6775FFB3B2A7B399C5,AAD432E19C642021FA227C832B32B803E825255F9E6FD9CBFA308B46177BBC89
hosts_full_csv.csv,.\devops.dev\objects.wip\export_import.wip\test\set_update.csv,F1DAC7E35B070C9B5F2E947EB8CF5599,52DB87D265536E59266E36A8FAD9AF08E3FD2671,328898CD79ED214F01E7AED136A7370A648BF40A4ADE769D44D774CDCE42E0E5
networks_full_csv.csv,.\devops.dev\objects.wip\export_import.wip\test\set_update.csv,72A85FA6767CD1A8061938A9A8C8D3BB,36CB8E8504FA26E7CA5AA7CE9F87CD0BB7908EFF,E592E2C54E687EE59511DAF24919E97CD7FA8E7A7BBADAF7850622990A551357
security-zones_full_csv.csv,.\devops.dev\objects.wip\export_import.wip\test\set_update.csv,E77C1E25337808A80FEE96917FC1365F,3855A3E54B9763D807EA3B37D0CC5897137975BB,8069616A13733FD71FA19DEE91F43EB13A8F42AF14D7E4D5EC078869F18D37D9
remove_zerolocks_sessions.v05.60.08.sh,.\devops.dev\Session_Cleanup.wip,4BA6AF04342DAA5E5F84D1B4FE5854E7,AEE02EC0EBBD9DE4CECB2FDA39B6DF9E1D94484E,69B47882EC7A4BA4068FCC2B8E8FBDE7101F1C94EF91A7631E0AFEAE8039AB6C
remove_zerolocks_web_api_sessions.v05.60.08.sh,.\devops.dev\Session_Cleanup.wip,625988216D0D418A3514B1EDF27C4EAF,63D61903E8D88C75BD44EDF507A68B4DD2667E0C,EFA06BDC917F1CA36F61CBCDF4C01BF4D50EB9DF63CDA6EB86463A4E802E4E91
Session_Cleanup_version.v05.60.08.065.template.v00.60.08.075.version,.\devops.dev\Session_Cleanup.wip,579AF8A7E3F7CAB3EE88CFDBDC689DA9,1A1AD2238DA58020939CE3877D773B2CA50E25ED,4A7B68A254E3F4C479A41113D73D6FC5C17672DBF38CAB7114B279B6505139B7
show_zerolocks_sessions.v05.60.08.sh,.\devops.dev\Session_Cleanup.wip,52408635780413657DC56E62C9C1B79D,A3268EF0770AC87F6F02493EF866AE3F4D4A490F,EEDC3C935093F2AAABD74E04D74652E1D7492A41BC04727E1891724D8DA14FE6
show_zerolocks_web_api_sessions.v05.60.08.sh,.\devops.dev\Session_Cleanup.wip,9730A3734591B6CF006CAE3DC2B00ED1,C1BE9C0026C16003DFA7A11CC365BFFED1A70994,AEDC83FCC1FC60D1515E6309B00B939F8F4985F7034A424A4996EF21953BA23B
MDM_Get_Domains_List_v00.01.00.wip.sh,.\devops.dev\tools.MDSM.wip,8B9052AFDBC630A57B92F590A32574B6,7B26EA519070B404959523536EBCD4B1D464E6C3,C7B6EB85BA086777298DE21F9BB2D18A7C025B8E6336E96873D921932E93AB72
MDM_Get_Domains_List_v00.02.00.wip.sh,.\devops.dev\tools.MDSM.wip,5A82F044AD2B60D03FF2A0D0B7A6FC13,01CB19F2C7F3677B27F21F178247E47D50B68026,871EB8EF34864E3E1CEE4F2283FDD2D1F5B25428485E1518D4D2033F9F06F48A
show_domains_api.v00.03.00.sh,.\devops.dev\tools.MDSM.wip,C1DDBDB7E6E53AEF147869F72916FB07,6C47FFC14045A400FC7532B08B3DC8FDA2ECF405,504B2FC324E8734185E22CF845A6FA499DBB05714903DC12DE0566D7B6652F2B
api_mgmt_cli_shell_template_common_subscripts_handler.template.subscript.common.010.v00.60.08.sh,.\devops.dev\_api_subscripts,026093BEE2A8E6BD84F726DED209EEA5,2B9ED626755605E92A1B9E3559627348F3865FE9,989DB0F45DCE9C3B38087937BE138C982E0CB268A6E604EB456CC2B79E96F957
api_subscripts_version.010.v00.60.08.version,.\devops.dev\_api_subscripts,80D78AAAA65697AF9C1E9D1509278A68,CD74A927C9511E9E9D4E798CC3785D0C5E7A41FB,BE5B32BF465D9FCE9D273440A588DDC6ED1FF9D02ADDC63CB15F05327B3B49D1
basic_script_setup_API_scripts.subscript.common.010.v00.60.08.sh,.\devops.dev\_api_subscripts,1C69D5DB981F922321A47BBEF9F36C7F,614A1E299BFAEAD04AC789EA0A653862E9EE8BD0,E02B5C128CB2E101480051A7487E19A095F6B001E7D52E4A4A4FFDD2363B9EE1
cmd_line_parameters_handler.subscript.common.010.v00.60.08.sh,.\devops.dev\_api_subscripts,6DD4E9CC00106426DE66A14E39090407,4D05D8AD1161906E15345EE81C13217DDD6F224B,CA7CB2A892167E20FFB7A8295A278F354D09FA9E7BBAE9FB7093F01172A0D491
identify_gaia_and_installation.subscript.common.010.v00.60.08.sh,.\devops.dev\_api_subscripts,6758D673502AB926309324D37FCB278B,05D429D7DBD8B34075BD27797FF88E6FE5570D67,86371D1EE8DF14267AE9B8C1C578B362061A8C8606E97629C52B6224ECC15F3F
mgmt_cli_api_operations.subscript.common.010.v00.60.08.sh,.\devops.dev\_api_subscripts,819941BB57B38A7A9AFAB08057C8FB11,A19F0BF4ADE023C027235FBFE20B1DDB858AC405,EA108D64EB9D24F5788AF4278F0A4C3258D570BB866A4D1DE1345FEFE162D2E1
script_output_paths_and_folders_API_scripts.subscript.common.010.v00.60.08.sh,.\devops.dev\_api_subscripts,7B9E5D8166FCF8E70FE7459851303020,59E05C2D679E941F1ECDDD1E384276E04EEBA958,DA0C63EA50B2C03D901C841848A32B5E37FEEDB6C003F8AA7D403BC794BACD9C
version.api_subscripts.v00.60.08.075.version,.\devops.dev\_api_subscripts,80D78AAAA65697AF9C1E9D1509278A68,CD74A927C9511E9E9D4E798CC3785D0C5E7A41FB,BE5B32BF465D9FCE9D273440A588DDC6ED1FF9D02ADDC63CB15F05327B3B49D1
code_snippet.basic_script_setup_API_scripts.common.010.v00.60.08.sh,.\devops.dev\_api_subscripts\_code_snippets,D738139BC382B5FBEF69D2345F04C002,5FFF7D93F6C53009B48A1E132E2A4F59A5213274,153CBA14C3C77DB034FECD595E8A6E8B8C45F9D52CB10F928CD5A2E349C9561C
code_snippet.cmd_line_parameters_handler.common.010.v00.60.08.sh,.\devops.dev\_api_subscripts\_code_snippets,F6B6C9968EF742FEBD904C96AD16EEED,6C7A38A74DA29535B1D7D10954464165D76D8E15,457E8DC4D7788875C613E667668BFF6ADDECB392941998347E9D0C4212E01B4F
code_snippet.identify_gaia_and Installation.common.010.v00.60.08.sh,.\devops.dev\_api_subscripts\_code_snippets,C0323ED484AC1503A6EFF9708BDAE1BE,7F4D571779487FDC69FE27D5A4AE4A9DF844779A,FB6C88645716B5549D2B8500CB51690CB10CA7C222D6965E2BA8DD90C7EBA346
code_snippet.mgmt_cli_api_operations.common.010.v00.60.08.sh,.\devops.dev\_api_subscripts\_code_snippets,F9ABCB57D9F7724ABF950DCF0DB4EFD9,3DE25B8CDAB52262055CDEEDA6F1F7FFA81736F9,6A8CDDC672110CA470CD8BBDD507DB64366D98A75437724EF552BA5ADA399E02
code_snippet.script_output_paths_and_folders_API_scripts.common.010.v00.60.08.sh,.\devops.dev\_api_subscripts\_code_snippets,030E70B69DE8D1EF0E79F3E2449F4AE0,65D35CF632A56BE45A510B1A6AE1A80FE9BCA195,8B1FBFFA49FD47A85BA8F9B0F0A59734D6D2493E08DADF1AA5136C7766526438
.environment_info.json,.\devops.dev\_templates.wip,4A9F1EDA9CAC30718CE7EF0913661110,3D94B0E24196E501C2FF411C0EF1C8285AC4C438,8EB3ACC722AEA3D8F0CED12D42A68EBE407294E61E577B2D270CD7E0376207F7
api_mgmt_cli_shell_template_action_handler.template.v00.60.08.sh,.\devops.dev\_templates.wip,A0054C9A0A23561965612B7D7C775639,BE00C1DE5711B335CB41908200CCBA4D3CF8E808,391274D5C224300899A590CD27BBE76E725CC2257CF14414956658C614BE845C
api_mgmt_cli_shell_template_with_cmd_line_parameters.template.v00.60.08.sh,.\devops.dev\_templates.wip,0AB65F4F7B58375DFFE4D5A61EEF2E87,1AA107E926BF2BDDF807126AD5E0665DE163A157,B14262718CFD76F4C1337E6898F092591C59B7C22115F9AC9350A1651FBFF383
api_mgmt_cli_shell_template_with_cmd_line_parameters_script.template.v00.60.08.sh,.\devops.dev\_templates.wip,E286C597B659DE6B82B9B4E958264F53,A2A436FC029B7B745B1509E237CDF13EEF288747,8399E8B1BAC45A6926D712AD6F3C423FDB0D6040737F9B214C2752F798F1DE78
test._script.environment_info_json.v00.60.08.sh,.\devops.dev\_templates.wip,2DDF109C9871F3AB9EC20C7F64C922F8,F484B081659254B00D6667099E771AA81711EC7A,ACEBFB9B20A6C84B324890AF216DE758F1BFC993DA16774A9542C806477F6548
test._templates.v00.60.08.sh,.\devops.dev\_templates.wip,E55B6BB4736BC22F2874F179ABBE833A,3E61CE0772BDD82C1063EC984DFB8FC1306DE966,84DABE0B852F2285030FEAFFAFD012850CF28E7BB938DDBB376B482107B4A1C3
_templates_version.v00.60.08.075.version,.\devops.dev\_templates.wip,E81D722E9B183AFA3EF44873EF28A2AF,287E237767F6832D8427E78BA4CDD4881B6CA636,5D6BD628BC5B3E8A71F2D666401E7C66D73BA8DB3F2FDCE4FF8A83EF1C2CAD2A
AUTHORS,.\devops.dev\_tools\JQ,0356D345AECB5F17B9BEE0DB9BF2D99A,8E293633701CC3B41D07EE6489215AF01D5B9A45,D0981D56CDFF9EF59CF8225949C352E56090B1AB0FF62B9B54038D146570EA17
COPYING,.\devops.dev\_tools\JQ,15D03E360FA7399F76D5A4359FC72CBF,127289C8BB17EC76D9374C0D17EA2F85B79DD340,111136AEBCBFA68B6B0084E582B30E981DA76ADCFF84EAB6F9BE32A1F38C5BF1
jq-linux32,.\devops.dev\_tools\JQ,B0593FD7434A6128F6D09D6345946665,5A640906D3BD6FF08298E6CA8FB39509F880871B,319AF6123AACCB174F768A1A89FB586D471E891BA217FE518F81EF05AF51EDD9
jq-linux64,.\devops.dev\_tools\JQ,1FFFDE9F3C7944F063265E9A5E67AE4F,056BA5D6BBC617C29D37158CE11FD5A443093949,AF986793A515D500AB2D35F8D2AECD656E764504B789B66D7E1A0B727A124C44
sha256sum.txt,.\devops.dev\_tools\JQ,DDA816A2B811DA90122C8EAEC7FC7947,2097D7923269304C650D11C4AB207B4F4A82E5AD,13ABE32377C17F6B7AFC450C77CE92A9B2E5330A974B118881CC8C667166B45A
_version.01.06.2018-11.01.version,.\devops.dev\_tools\JQ,9F7E38E51C2BF764BFDF0504E3A2CA1C,06AC04A8F9CF586B2451388E3AB2D78B2F972DCD,540A941A3D51E186DC3EF17357B2E98C2B4695DE23155B31856064725AA203A9
jq-1.6.tar.gz,.\devops.dev\_tools\JQ\_gitHub,E68FBD6A992E36F1AC48C99BBF825D6B,73BCBDC45BE4DB907A864E829B06CD869F77F4F7,5DE8C8E29AAA3FB9CC6B47BB27299F271354EBB72514E3ACCADC7D38B5BBAA72
README.md,.\devops.my_data,B35E73E147665773C1EE252172031D27,02AF76328A1206123F54AEEDB181EC6AE6768AD9,895A437ACD294F9FF6C5176EE09C050923D8503A41BF395A0767C49DDD049CF9
README.md,.\devops.results,BC32D87FCDFE3E8909E3DB8579340EAE,F7C080995FF4960CAD670B6192D5E91AD8DA666D,8941677B7E8F2AD768B8826E40854B6BDA992016A1894BC1C7C714DD67178B3B
,,,,
Generated by MD5 & SHA Checksum Utility 2.1 Pro,,,,
Website: http://raylin.wordpress.com/downloads/md5-sha-1-checksum-utility,,,,
