Generated by MD5 & SHA Checksum Utility 2.1 Pro,,,,,
Website: http://raylin.wordpress.com/downloads/md5-sha-1-checksum-utility,,,,,
,,,,,
File Name,Folder Path,CRC32,MD5,SHA-1,SHA-256
common.wip.v00.40.00.tgz,\Development,34C018AC,184D7915D3F74E443C32F8BE3299868A,17FFFD1FF024A6C614E1BC125A9FF4CFE60B91AD,BD94516CA8D5CC42AA16C325868597EFC71CA0F1B48EBD835629230147ECE7FE
export_import.wip.v00.40.00.tgz,\Development,DB7074AC,3F15C82989010B6ED569731D3ECB8877,91A2FBD2396806DDD97DE94D0CDC2F4419094E32,7237B8514E1ADDF061CDC27934C75353292AEF1628A17505E673A54D2722E228
Session_Cleanup.wip.v00.40.00.tgz,\Development,23E395ED,38BB581B6067E80FC7CAF461E9032B6F,FA73106F69ADD9A31CE8D9CEC5E49516767B9DCD,53C198C772D0212C115BD5FB28F49823FB8E2DC2AA1907BD2E82E200613C812D
_templates.wip.v00.40.00.tgz,\Development,07AC2755,7E9AB6DA216E626F3D791354F6A220A2,6F642BDFFCB3E17D865710166B271B7F9FA4AB49,53CA78B7A9699BFD01D404EF33B557A063B2EBEF3AAD865C2B61E003647F8768
api_mgmt_cli_shell_template_common_action_handler.template.action.common.006.v00.40.00.sh,\Development\common.wip,24D3E6C8,569AD75E809A141DE0BDA2B4793819D0,FD29227DF31355D7447420FD08DA07B45E9ECE9D,41EB4BE3770217A05C05D86EA0CF0F002140BA0A07457A3032A076E9FAF9A18F
cmd_line_parameters_handler.action.common.006.v00.40.00.sh,\Development\common.wip,3E2B88C6,6E9025B5F8832738CAF5D8E595112E7A,1C48324411B49929678820ECB050E95847306B99,551FF7C6347A6C503A2D7068425EEAA8B2FCF6E9F9C1258AEE1F8E1F7B9425FF
common_version_v00x40x00.version,\Development\common.wip,8AB33C81,3060E485DD959C8BA8F16277A8EE11B1,7CAD7A785B468D0493127384D4602A6D2DBBF7A0,DB19B94B34C6525604399F93D1C675F23D5C565EB3609D7C8FDFA4D01B872635
identify_gaia_and_installation.action.common.006.v00.40.00.sh,\Development\common.wip,60C38814,CFB8665FE98BEF000492D4B981DFBD69,4518F892A9F6E8A6E3E6FDCE173ED9D56C530D70,9CE223011202B65FAA5644F719150D991E930670CDF914557017AAEB1B3F2AB9
zzOpenFileTypesInTextFileEditor.bash.CMD,\Development\common.wip,3DAF903E,E33B80BF6883CE3673F574D88E62EE86,6BD647EB78F7C181A17F3F0BABB82EBEB4F51788,4B07198301BC4359C0D64770A5DA0CAC90A4A92E63634979D434C4E238553C69
zzOpenFileTypesInTextFileEditor.bash.v02.05.00.001.CMD,\Development\common.wip,3DAF903E,E33B80BF6883CE3673F574D88E62EE86,6BD647EB78F7C181A17F3F0BABB82EBEB4F51788,4B07198301BC4359C0D64770A5DA0CAC90A4A92E63634979D434C4E238553C69
zzRename_Version-3parm.CMD,\Development\common.wip,7CA56830,DF22C2F1CB6D748B1BD6A27279C169B0,A7682E5AFB6CB61FC9513777185237FCAF16A0E2,C8417EE4601E695CF0CDA2CD01A72583890EC4648DB2DA9685156EFEAA2E4BE6
zzRename_Version.CMD,\Development\common.wip,835F8587,2105795AA691B24DB69AEFE35F543B7C,91B5811466A4E497A318845447AF49AD352B6A27,90A874858E9AC96CFCE1B8466BCE30516A46216695A68EF6D7D793B1174C34F8
zzRename_Version_Recursive.CMD,\Development\common.wip,BCCCA5AE,E3797ED55FFB5B3F763FF386D0967FF2,1505E463B879F4C05C29C860236843B983310E34,25BA06A4F3781E0D566E56E2B2CA4EECE28A92E95831A74C8175A1596674A91E
zzTouch.sh.CMD,\Development\common.wip,7DB0C7B0,D9012983D434F81E7441031DA4EEA833,B65768C10B27E5DCC266F56789C7614AC885C812,451917419ABC344ABFF2CECD79F1E66671281AC563734D371C407320D919A28F
code_snippet.cmd_line_parameters_handler.common.006.v00.40.00.sh,\Development\common.wip\_code_snippets,ECEE3E10,8BAD3C29072EB8301A5B36B22EE1A81F,6281A8D93D2F244905C07DEDB419F0682C4BAE20,BD21ADA3B3D2220A63A06322CF690B17BAEE24F777548BEE9290AEC825352FBD
code_snippet.identify_gaia_and Installation.common.006.v00.40.00.sh,\Development\common.wip\_code_snippets,7A0C9FA1,8C3F2C7B2C449E058D1A313EA1501B95,D5CC844C504250EB39479F7EB938EFA93C46B96D,03B839D3BA38E117ED6CABA141E40E0A6BA0F140E04DA680BEC13DD29425F5D5
500plus.application-sites.details_full.sh,\Development\export_import.wip,A1FD79AF,621122F83A8179D92CE78B7EC98B7CF4,CC64046903C8BFC88C4CB1C64B2A2AF9A45E57D5,2664E953882D603A1C79EE116D5737E3D593E6A05702FA1A4F3B8E0FEC603B03
500plus.application-sites.details_standard.sh,\Development\export_import.wip,C73123F4,23354F9B0CF9CC56B346E6AB99A2C972,8B57DE128A61735E4C7226483A4FF54015B8E9A5,200138761583D3D4C57F25CB1F2B6264F463D0DFB5BAAC82462479030E89BC0B
api_add_csv_error_handling_to_csv_file.sh,\Development\export_import.wip,9ABD2FD9,7CE1E7365590180F8CB4E6F99F99CEC4,E7218FB4747CFC77896D6F64FE35790DAB2DE57E,B108DD0F74A6DBE0B628152E200A1E0C61A29230242E86B86AE92B7221B149BA
api_subpend_csv_error_handling_to_csv_files.sh,\Development\export_import.wip,C9915C3A,687FEF168FA99C157ABC5621212C4A5F,0E832F0073EC70B12E8F1AA9CCC7218B553EC1C8,54F8339746A658F99D3630D8780E61E6E12F2B92CDD1B0F52F794602DB3980E7
cli_api_delete_objects_using_csv.sh,\Development\export_import.wip,FD74B03D,725FE06862185CCAD1C12A940B6FA2B7,CBDBD902E53A48DC37B96FDA32732B26D88B0A9A,C1F31D3F2EAB82239A8650D4C263FB0B3A5AF5CDF3E8E94E2255B0EFA0633190
cli_api_export_all_domains_objects.sh,\Development\export_import.wip,5C3D7A00,AD4ECB0E06301A1C7331BF4965DA4E5E,CC58E9962A4860B98DB0A591E60D03374A1E9D08,5103B10D22664A83A5E7EF65AAA227932F3E39274641C84266CA5BC59C88EB9A
cli_api_export_all_domains_objects_to_csv.sh,\Development\export_import.wip,40278790,68CF44CD545224E4E2FEAC52D213263B,E44561692B1DCAE85E2DC5F25156F1FF7DB51FC0,DD80EBD527878E1793044D4A36A1523F85E2036ED5F470E9B22A243334BC63C3
cli_api_export_objects.sh,\Development\export_import.wip,8D815F52,3EE153B83D7ACD2B16F05F900A2ED9D4,38444B9D4738B361B33363C17E7BA54019071927,B28039040C801825FEB4352EBC4F4CB4B17C1407A688B529EC847C962DA16F87
cli_api_export_objects_actions.sh,\Development\export_import.wip,6799987B,1F6B1CEAF4EFD129CE000808B03B26D8,B073D21CBA8E44F464A220AA3F69C37A2F16D843,9E4A6A73BAD3D02193374BBB18FE7695EEDE329C1596B88BC99220EAD1DA2104
cli_api_export_objects_actions_to_csv.sh,\Development\export_import.wip,02BAB0AE,395FB0B5C2C7010A337B42B5DF7988A4,13939E36B7D60FF86DFCC48B56DDC524C9B1258D,E522DF01ACB1F6EF9FB6D10D1A63C7AF9C03FDC537199A44E4CAA0DB6D269CE5
cli_api_export_objects_to_csv.sh,\Development\export_import.wip,82F3B0AF,CBF6BC2746EE211E0090EC4AE8C19139,DF80E5B477C31967445A8F96B12ED22000E62D17,8E3A78886193AB92F1B27B847BE79A3577D1DDA85B72FC0FB068B06F152D851E
cli_api_export_objects_to_json_full.sh,\Development\export_import.wip,DF09B3AF,9671CCE633B577A8DDB94BBDC76CE724,381BF068B00C1903D9F6F1CE4414C0C8AA5FAEF3,4A63E4D9209AADE5FAC879398557517D73455EDEA92FCF023A365376C31FD012
cli_api_export_objects_to_json_standard.sh,\Development\export_import.wip,52E6CD07,3EE912B2E8DA039E844713C2C1E8A120,3515AD51E1A02B1AF4E672A9E06A54DCC915820B,216271F0A18613A4F7A1EBE5B7FF06797001C4945ED7005C3AFFD448424CD7ED
cli_api_get_object_totals.sh,\Development\export_import.wip,144144C9,6266508AABC04AE1117B6BE8CC58416F,8B5324DFB70FDC0E436F0ECC36EF636AA2135939,5EA0964B39FF2D72F22A0E00558F234E906912AB06F1633006D46B4C7A962442
cli_api_get_object_totals_w_group_member_count.sh,\Development\export_import.wip,5BCC7A49,BE59F350D82569665F84D74A1185DEFA,5658D181FC8DB014DFF8FE9DCAD6826E5BD5D83E,9AE3FA0144530845ED42320EE97A52C30FEB47ECA97E3462FBEBC08B5EFA9197
cli_api_import_objects_from_csv.sh,\Development\export_import.wip,6604394,1FE2189FA0BC41A21EA4A66E7686B773,5659675F6C75E93CF6A269B6D5E8900E4A42A2E0,6F6077387E069842F1E78F59940F62EEE0924204667691250E1246EAD070B47A
cli_api_set-update_objects_from_csv.sh,\Development\export_import.wip,98DE6D24,7C4ECF879915A17BBC1FFCCAFBBFBF38,00B7980D7F231C0B95EB35716A23BC7D9A4C3E7B,CAA7B33E24865CD093A6F9474A8B96036E028D1698285714051515B5620CA61D
export_import_version_v00x40x00.version,\Development\export_import.wip,ED5E32F7,57986AA10EEF76B09831A363953361ED,418F7924DFC313906658A00BF5D95D0DF38D4B00,D84A0809B131FF47087D69AAF895EEABA41BAC54FE28BBBA0BD6EA2D8FDF5402
export_objects_definition.json,\Development\export_import.wip,0885B762,AEE94897544A7044583EFC7C776ECDDF,4AE9B48C5951AF35C57962A5664DDEDFEBCDE860,8F9981BB653A3F8338A4135911261D0B718CC3F51B751FF0DA50DF128EBC5CCA
zzOpenFileTypesInTextFileEditor.bash.CMD,\Development\export_import.wip,3DAF903E,E33B80BF6883CE3673F574D88E62EE86,6BD647EB78F7C181A17F3F0BABB82EBEB4F51788,4B07198301BC4359C0D64770A5DA0CAC90A4A92E63634979D434C4E238553C69
zzOpenFileTypesInTextFileEditor.bash.v02.05.00.001.CMD,\Development\export_import.wip,3DAF903E,E33B80BF6883CE3673F574D88E62EE86,6BD647EB78F7C181A17F3F0BABB82EBEB4F51788,4B07198301BC4359C0D64770A5DA0CAC90A4A92E63634979D434C4E238553C69
zzRename_Version-3parm.CMD,\Development\export_import.wip,7CA56830,DF22C2F1CB6D748B1BD6A27279C169B0,A7682E5AFB6CB61FC9513777185237FCAF16A0E2,C8417EE4601E695CF0CDA2CD01A72583890EC4648DB2DA9685156EFEAA2E4BE6
zzRename_Version.CMD,\Development\export_import.wip,835F8587,2105795AA691B24DB69AEFE35F543B7C,91B5811466A4E497A318845447AF49AD352B6A27,90A874858E9AC96CFCE1B8466BCE30516A46216695A68EF6D7D793B1174C34F8
zzRename_Version_Recursive.CMD,\Development\export_import.wip,BCCCA5AE,E3797ED55FFB5B3F763FF386D0967FF2,1505E463B879F4C05C29C860236843B983310E34,25BA06A4F3781E0D566E56E2B2CA4EECE28A92E95831A74C8175A1596674A91E
zzTouch.sh.CMD,\Development\export_import.wip,78449C17,A6F16897855F5CE26D24B1B931C4BE68,16010BE12EA0A64E185C0C9FFDF0961B30C19594,580DB31EE2FE628E8C770FB19AA6D364E39DF51870A7B2E356CEBE18EC110F22
api_mgmt_cli_shell_template_common_action_handler.template.action.common.006.v00.40.00.sh,\Development\export_import.wip\common,24D3E6C8,569AD75E809A141DE0BDA2B4793819D0,FD29227DF31355D7447420FD08DA07B45E9ECE9D,41EB4BE3770217A05C05D86EA0CF0F002140BA0A07457A3032A076E9FAF9A18F
cmd_line_parameters_handler.action.common.006.v00.40.00.sh,\Development\export_import.wip\common,3E2B88C6,6E9025B5F8832738CAF5D8E595112E7A,1C48324411B49929678820ECB050E95847306B99,551FF7C6347A6C503A2D7068425EEAA8B2FCF6E9F9C1258AEE1F8E1F7B9425FF
common_version_v00x40x00.version,\Development\export_import.wip\common,8AB33C81,3060E485DD959C8BA8F16277A8EE11B1,7CAD7A785B468D0493127384D4602A6D2DBBF7A0,DB19B94B34C6525604399F93D1C675F23D5C565EB3609D7C8FDFA4D01B872635
identify_gaia_and_installation.action.common.006.v00.40.00.sh,\Development\export_import.wip\common,60C38814,CFB8665FE98BEF000492D4B981DFBD69,4518F892A9F6E8A6E3E6FDCE173ED9D56C530D70,9CE223011202B65FAA5644F719150D991E930670CDF914557017AAEB1B3F2AB9
zzOpenFileTypesInTextFileEditor.bash.CMD,\Development\export_import.wip\common,3DAF903E,E33B80BF6883CE3673F574D88E62EE86,6BD647EB78F7C181A17F3F0BABB82EBEB4F51788,4B07198301BC4359C0D64770A5DA0CAC90A4A92E63634979D434C4E238553C69
zzOpenFileTypesInTextFileEditor.bash.v02.05.00.001.CMD,\Development\export_import.wip\common,3DAF903E,E33B80BF6883CE3673F574D88E62EE86,6BD647EB78F7C181A17F3F0BABB82EBEB4F51788,4B07198301BC4359C0D64770A5DA0CAC90A4A92E63634979D434C4E238553C69
zzRename_Version-3parm.CMD,\Development\export_import.wip\common,7CA56830,DF22C2F1CB6D748B1BD6A27279C169B0,A7682E5AFB6CB61FC9513777185237FCAF16A0E2,C8417EE4601E695CF0CDA2CD01A72583890EC4648DB2DA9685156EFEAA2E4BE6
zzRename_Version.CMD,\Development\export_import.wip\common,835F8587,2105795AA691B24DB69AEFE35F543B7C,91B5811466A4E497A318845447AF49AD352B6A27,90A874858E9AC96CFCE1B8466BCE30516A46216695A68EF6D7D793B1174C34F8
zzRename_Version_Recursive.CMD,\Development\export_import.wip\common,BCCCA5AE,E3797ED55FFB5B3F763FF386D0967FF2,1505E463B879F4C05C29C860236843B983310E34,25BA06A4F3781E0D566E56E2B2CA4EECE28A92E95831A74C8175A1596674A91E
zzTouch.sh.CMD,\Development\export_import.wip\common,7DB0C7B0,D9012983D434F81E7441031DA4EEA833,B65768C10B27E5DCC266F56789C7614AC885C812,451917419ABC344ABFF2CECD79F1E66671281AC563734D371C407320D919A28F
code_snippet.cmd_line_parameters_handler.common.006.v00.40.00.sh,\Development\export_import.wip\common\_code_snippets,ECEE3E10,8BAD3C29072EB8301A5B36B22EE1A81F,6281A8D93D2F244905C07DEDB419F0682C4BAE20,BD21ADA3B3D2220A63A06322CF690B17BAEE24F777548BEE9290AEC825352FBD
code_snippet.identify_gaia_and Installation.common.006.v00.40.00.sh,\Development\export_import.wip\common\_code_snippets,7A0C9FA1,8C3F2C7B2C449E058D1A313EA1501B95,D5CC844C504250EB39479F7EB938EFA93C46B96D,03B839D3BA38E117ED6CABA141E40E0A6BA0F140E04DA680BEC13DD29425F5D5
testing_operations_multi_domain_regular.txt,\Development\export_import.wip\test,E3F107F6,3B9151DB4F2FEB85E381AD20D9C5F1BC,EBA017D052E2C3932CF4867873DFD5436BB690D5,366A25B555DE99FAF6BBEBAE97CBFCC1BE2A53FD6E497D789E827C31D159EFD2
testing_operations_single_management_regular.txt,\Development\export_import.wip\test,8E6366E9,95D1A7DD99FB5C7244F6B78F8C3640B0,05690D347CC87153977E4E32AB2DE339E97EA8CE,A927DAEDF25D356C3409FD29E3BD30A91D80AE3CE5EBFBEC45A9EC63FD6D8EAF
address-ranges_name_csv.csv,\Development\export_import.wip\test\delete.csv,E52160B7,E55C852E3179A1122487D43AB13C6EB7,C5E5AB69CBD10556A7CD5EF01EC1918A24AB6725,0F18F59272F3D108483140F66BC873C6539C6E5F6352C4A61ABB44F3FC793F2F
dns-domains_name_csv.csv,\Development\export_import.wip\test\delete.csv,F56D1844,32798C4F6D37449ED9DB682166410534,3057B794E407C454CA89A46F72B36E3D7FDCF3E7,E76AFB441927AF5AF800E5C7D302DFF20F9CB3B49D10E2F75547B0767DDD21C4
groups-with-exclusion_name_csv.csv,\Development\export_import.wip\test\delete.csv,7D2120E4,BAC40512084D12D5880E46DCEAC91258,F3E19EC05007014B8B871AAAB5D9E45468A470CD,5309C0D0D2C10037ADC5891E455CE408E1D94BA07625E2D5010BC27593B601BE
groups_name_csv.csv,\Development\export_import.wip\test\delete.csv,22CDD320,208A399B82EE9EAFB9D4C274EAEAEF92,D8D43A3084B4AD306B2B00BC6D1A19CB46391F7D,9EC4E8182A11740609BF2268BBA2CA6BFD4B6BC0208E9415B08DD60E9EAC4865
hosts_name_csv.csv,\Development\export_import.wip\test\delete.csv,34E797F9,5DFFE08A343FC66B0035CD482911BE14,B80A2CD5FA18990B2BF140949E49D86CC86AD34E,557F16E452FB634CAAAA14EDFFD66023E52278672D4AC6C63B5F72422F36E67D
networks_name_csv.csv,\Development\export_import.wip\test\delete.csv,10E50506,DA3BE8BC552D1A0E181BBCB7C1C14EE2,3D66BD16594CA43D1D788CEE6BBCDD67A919C26C,907457F0D7820C35ECA4F9B16966D32543314D6BF1EFF558486A5B09208C69B7
security-zones_name_csv.csv,\Development\export_import.wip\test\delete.csv,49FD9780,B9F4B3C7A0ABC009EA8CF0270CFC2439,1D2A73D9DBB2D8403B6F1DD107BE1406DE4EF301,00475A55D9225DA9F589634BC4C7BCB267E022396452B0338BC7A245D8758EBC
address-ranges_name_csv.csv,\Development\export_import.wip\test\delete.large.csv,E52160B7,E55C852E3179A1122487D43AB13C6EB7,C5E5AB69CBD10556A7CD5EF01EC1918A24AB6725,0F18F59272F3D108483140F66BC873C6539C6E5F6352C4A61ABB44F3FC793F2F
dns-domains_name_csv.csv,\Development\export_import.wip\test\delete.large.csv,F56D1844,32798C4F6D37449ED9DB682166410534,3057B794E407C454CA89A46F72B36E3D7FDCF3E7,E76AFB441927AF5AF800E5C7D302DFF20F9CB3B49D10E2F75547B0767DDD21C4
groups-with-exclusion_name_csv.csv,\Development\export_import.wip\test\delete.large.csv,7D2120E4,BAC40512084D12D5880E46DCEAC91258,F3E19EC05007014B8B871AAAB5D9E45468A470CD,5309C0D0D2C10037ADC5891E455CE408E1D94BA07625E2D5010BC27593B601BE
groups_name_csv.csv,\Development\export_import.wip\test\delete.large.csv,22CDD320,208A399B82EE9EAFB9D4C274EAEAEF92,D8D43A3084B4AD306B2B00BC6D1A19CB46391F7D,9EC4E8182A11740609BF2268BBA2CA6BFD4B6BC0208E9415B08DD60E9EAC4865
hosts_name_csv.csv,\Development\export_import.wip\test\delete.large.csv,3.54E+04,629B059789B40254AE77E52D36354D78,1FD4F4080458B63796C8D5012F8F61C340932726,929C417FD473A88D51A6FDE4DCCAA2BA86A2ABA88ED21CA3E825385A5190CFA6
networks_name_csv.csv,\Development\export_import.wip\test\delete.large.csv,10E50506,DA3BE8BC552D1A0E181BBCB7C1C14EE2,3D66BD16594CA43D1D788CEE6BBCDD67A919C26C,907457F0D7820C35ECA4F9B16966D32543314D6BF1EFF558486A5B09208C69B7
security-zones_name_csv.csv,\Development\export_import.wip\test\delete.large.csv,49FD9780,B9F4B3C7A0ABC009EA8CF0270CFC2439,1D2A73D9DBB2D8403B6F1DD107BE1406DE4EF301,00475A55D9225DA9F589634BC4C7BCB267E022396452B0338BC7A245D8758EBC
address-ranges_full_csv.csv,\Development\export_import.wip\test\import.csv,21D0DB8D,D2121DD5F5D125021C8C34F263693311,71FACDBB08FB56EAD8152AB65B5AFD6DC4250419,381DA106AE1B2AC7B275992861DBEBF7A8BB8F7A7D02990CE14E08D2050FDD01
dns-domains_full_csv.csv,\Development\export_import.wip\test\import.csv,1A928723,AA7FC3C8405D2B8A78DB5F8BD455EB26,1712D69E695FDE7F0543F43864195B310B089DE3,7A03D6A3FCA7388E49EA9BAB5A457E5C56F99919089473CF63CB9A5232613380
group-members_full_csv.csv,\Development\export_import.wip\test\import.csv,FBA57105,E4111D781B47E4610E1EA8561BF1A837,A4520563D12D4F99C175ACFBB17DFC2BFD9921DA,F7A972EB6F64D514B13249413044E43057BE938C078E9CE64A21D187DD6AF850
groups-with-exclusion_full_csv.csv,\Development\export_import.wip\test\import.csv,1A88C823,AB97C3CB6F80B6AC12283CA25ABDE8A4,52F085A4FD6090FEF3C19B6D4D7A01B1D7101417,3AC035F86C76CF2A85B8513963F5259F7E88B60424F02DBC93D11E8030BB673E
groups_full_csv.csv,\Development\export_import.wip\test\import.csv,00C3F8EA,2844870D179D524F412B3A360A1E2C80,0ED49F6A09873F18865120A6203F635E50D16D82,471F10005B232EBE19C0E2DD8BEFDF1E0EB7CBD80125C2725EAB10B5403B2098
host-interfaces_full_csv.csv,\Development\export_import.wip\test\import.csv,5602DBF7,5315A8A40E4838AE30354129B53C5411,8D20C9C9158BC4A423B325CD094C5D562E4C0579,1B26B66BD189865873C8A7C3F112B5932C02F32A01A614405EB357C1F77BA9CD
hosts_full_csv.csv,\Development\export_import.wip\test\import.csv,371B4B8A,7FA802A6458F9AA6DF6FBA613AA4B88E,3ED2C130326370AD8BB4E3D2B7F69F95EDFE5E4F,048E0BCEB038D04B7D6491FEC50C852E2137BDA7B830E94E316EABBA44176898
networks_full_csv.csv,\Development\export_import.wip\test\import.csv,801CFC8C,3313DDAFDECF199CD1B2032DBC527A02,B305D9EC7F57E5C80119E362BF3341855ECC48C1,B51D3319C9116BC0F5637A019990767F11A293B9DB428F244CC5DE380801E20A
networks_special_set_csv.csv,\Development\export_import.wip\test\import.csv,4EBAE812,217A62076156A0015F42B6A0B86EF20D,04598D924FDA8ADDC71C0089FAD2ECD849B0B364,DE6B455662E252C7385ADBF107FD2E36A4179561BFAA2D86FC7E214165E2B774
security-zones_full_csv.csv,\Development\export_import.wip\test\import.csv,5587DA69,933C407149A4CB192AF9B77C6252075D,BACEE39EC1F279F6599DE21F91347A5BBA188F80,D0980FEA58F8DC7869FF65D9B2F7AEC38415BFA852E7DF6057A14BFBC1FEFCBC
address-ranges_full_csv.csv,\Development\export_import.wip\test\import.large.csv,21D0DB8D,D2121DD5F5D125021C8C34F263693311,71FACDBB08FB56EAD8152AB65B5AFD6DC4250419,381DA106AE1B2AC7B275992861DBEBF7A8BB8F7A7D02990CE14E08D2050FDD01
dns-domains_full_csv.csv,\Development\export_import.wip\test\import.large.csv,2FDDF607,932D7F09940D99C7BAAC422420F69A35,5B1BF9F70B2E781E89C48EB564A513422D7CCEA5,CE00D75674CDBC741A98A576C888F1A26F1CC4CAF2094F66E96ABE3A5F94CF5C
group-members_full_csv.csv,\Development\export_import.wip\test\import.large.csv,FBA57105,E4111D781B47E4610E1EA8561BF1A837,A4520563D12D4F99C175ACFBB17DFC2BFD9921DA,F7A972EB6F64D514B13249413044E43057BE938C078E9CE64A21D187DD6AF850
groups-with-exclusion_full_csv.csv,\Development\export_import.wip\test\import.large.csv,1A88C823,AB97C3CB6F80B6AC12283CA25ABDE8A4,52F085A4FD6090FEF3C19B6D4D7A01B1D7101417,3AC035F86C76CF2A85B8513963F5259F7E88B60424F02DBC93D11E8030BB673E
groups_full_csv.csv,\Development\export_import.wip\test\import.large.csv,00C3F8EA,2844870D179D524F412B3A360A1E2C80,0ED49F6A09873F18865120A6203F635E50D16D82,471F10005B232EBE19C0E2DD8BEFDF1E0EB7CBD80125C2725EAB10B5403B2098
host-interfaces_full_csv.csv,\Development\export_import.wip\test\import.large.csv,5602DBF7,5315A8A40E4838AE30354129B53C5411,8D20C9C9158BC4A423B325CD094C5D562E4C0579,1B26B66BD189865873C8A7C3F112B5932C02F32A01A614405EB357C1F77BA9CD
hosts_full_csv.csv,\Development\export_import.wip\test\import.large.csv,0861E29B,53E940AD502351D452F20D0B3BA39FBC,48DAE2CB486B5CA44926435ABE3A3A4EB345949E,4BB897D10AD9421435D97045C4788A577B5CD53C0CCB9756222DA1B5EAC3927C
networks_full_csv.csv,\Development\export_import.wip\test\import.large.csv,801CFC8C,3313DDAFDECF199CD1B2032DBC527A02,B305D9EC7F57E5C80119E362BF3341855ECC48C1,B51D3319C9116BC0F5637A019990767F11A293B9DB428F244CC5DE380801E20A
networks_special_set_csv.csv,\Development\export_import.wip\test\import.large.csv,4EBAE812,217A62076156A0015F42B6A0B86EF20D,04598D924FDA8ADDC71C0089FAD2ECD849B0B364,DE6B455662E252C7385ADBF107FD2E36A4179561BFAA2D86FC7E214165E2B774
security-zones_full_csv.csv,\Development\export_import.wip\test\import.large.csv,5587DA69,933C407149A4CB192AF9B77C6252075D,BACEE39EC1F279F6599DE21F91347A5BBA188F80,D0980FEA58F8DC7869FF65D9B2F7AEC38415BFA852E7DF6057A14BFBC1FEFCBC
groups_full_csv.csv,\Development\export_import.wip\test\set_update.csv,93943215,75C9469108D89CCFAF23222452EE1A9D,BC9F87721535FAC87A9F4323C42A6416EEC6B0E0,0A6126E1778D853785780196FB0FAECD69979D1B48348DD83B3176431C6CB8BE
hosts_full_csv.csv,\Development\export_import.wip\test\set_update.csv,212CBCC4,FBA8C56EC958A8AEE95CCCCAE32EECC8,63A9DD056DF8636F62F75566C86F11CAFE3EE5DF,1791FD9F0505884B521551130399E997B8EDC8C5BE46A7E872BE1A0C95300A03
networks_full_csv.csv,\Development\export_import.wip\test\set_update.csv,DF07C0F0,E4FB3F181A3D78073C507634333F1A16,3AB55AAA223215C7E49750AA95D96D31AF23FE7C,8B1F502E9E079F28459C63B76A94B5634A903D81CE0CFFF452D648A743462E82
security-zones_full_csv.csv,\Development\export_import.wip\test\set_update.csv,F059CDAA,33AC7818590199B100A8C9014C2CDD70,649B639F37AAB531D31359850BF31562EBB06346,021D8B949F05D789DE715B5C587FC1F4A611174D96CA2F62416573B829024BBF
MDM_Get_Domains_List_v00.01.00.wip.sh,\Development\MDM.wip,8C21B60F,FD3F7BC8EB5B57FB7883CF1428198DD1,3BC81A77F0A1DDE97B026607ABD3B7B045B7C365,DD2F477AA9FD72F6ED0CFC66DDBE35A1B8CBFAB7FABF895B7F31B745A68E261A
remove_zerolocks_sessions.v04.00.00.sh,\Development\Session_Cleanup.wip,2F598317,E19089E15ADAE1B8CEA62848510F259D,E919470B3AD324274ADAE551F1FE51801489698E,229348B2E323B4D521CF0C31A81BD07CDBD35D343D815128CE4119E77BF4F5ED
remove_zerolocks_web_api_sessions.v04.00.00.sh,\Development\Session_Cleanup.wip,E424D180,6C5315C459E8CD8BD069D76CD8D815DC,890FEDFAAF245EADDF5C9A72E63E544A090A11A6,F2580AEB1CEEDED9F81A5D8545A2CC8C912DFE632BC4D433A143A14421BF1F7C
Session_Cleanup_version_v00x40x00.version,\Development\Session_Cleanup.wip,F28B6CF8,9BE3A6FA7524BDAF10331852FB59A966,DF0C1EE998EBC04C566F37BF39E322463964D23B,F0006346BC2F0461B4D25F0BD981E16E3B73EFE6DAD79ED14C7BE6F8CEACE2B2
show_zerolocks_sessions.v04.00.00.sh,\Development\Session_Cleanup.wip,1188E7EB,3B19A46EDDDF1FBEEAD9FBD0EE2E315D,CB8CB2415E5296348BD7319DE37B42A0ED99E313,771F4ED6B66614D27D1DA7ADA3BCB28085740B26993AB64B3067102A2F58D125
show_zerolocks_web_api_sessions.v04.00.00.sh,\Development\Session_Cleanup.wip,7D9DAE77,8053064588D607DB44475C8AE1AEC519,A5DCC6FD32F1D6E2FA0CA17EB21683CC7A769B24,97BA7F58CF3A4B5D77B99D6E067E808FED876BCBEEE260C31DE91511E220FAC3
zzOpenFileTypesInTextFileEditor.bash.CMD,\Development\Session_Cleanup.wip,3DAF903E,E33B80BF6883CE3673F574D88E62EE86,6BD647EB78F7C181A17F3F0BABB82EBEB4F51788,4B07198301BC4359C0D64770A5DA0CAC90A4A92E63634979D434C4E238553C69
zzOpenFileTypesInTextFileEditor.bash.v02.05.00.001.CMD,\Development\Session_Cleanup.wip,3DAF903E,E33B80BF6883CE3673F574D88E62EE86,6BD647EB78F7C181A17F3F0BABB82EBEB4F51788,4B07198301BC4359C0D64770A5DA0CAC90A4A92E63634979D434C4E238553C69
zzTouch.sh.CMD,\Development\Session_Cleanup.wip,7DB0C7B0,D9012983D434F81E7441031DA4EEA833,B65768C10B27E5DCC266F56789C7614AC885C812,451917419ABC344ABFF2CECD79F1E66671281AC563734D371C407320D919A28F
api_mgmt_cli_shell_template_common_action_handler.template.action.common.006.v00.40.00.sh,\Development\Session_Cleanup.wip\common,24D3E6C8,569AD75E809A141DE0BDA2B4793819D0,FD29227DF31355D7447420FD08DA07B45E9ECE9D,41EB4BE3770217A05C05D86EA0CF0F002140BA0A07457A3032A076E9FAF9A18F
cmd_line_parameters_handler.action.common.006.v00.40.00.sh,\Development\Session_Cleanup.wip\common,3E2B88C6,6E9025B5F8832738CAF5D8E595112E7A,1C48324411B49929678820ECB050E95847306B99,551FF7C6347A6C503A2D7068425EEAA8B2FCF6E9F9C1258AEE1F8E1F7B9425FF
common_version_v00x40x00.version,\Development\Session_Cleanup.wip\common,8AB33C81,3060E485DD959C8BA8F16277A8EE11B1,7CAD7A785B468D0493127384D4602A6D2DBBF7A0,DB19B94B34C6525604399F93D1C675F23D5C565EB3609D7C8FDFA4D01B872635
identify_gaia_and_installation.action.common.006.v00.40.00.sh,\Development\Session_Cleanup.wip\common,60C38814,CFB8665FE98BEF000492D4B981DFBD69,4518F892A9F6E8A6E3E6FDCE173ED9D56C530D70,9CE223011202B65FAA5644F719150D991E930670CDF914557017AAEB1B3F2AB9
zzOpenFileTypesInTextFileEditor.bash.CMD,\Development\Session_Cleanup.wip\common,3DAF903E,E33B80BF6883CE3673F574D88E62EE86,6BD647EB78F7C181A17F3F0BABB82EBEB4F51788,4B07198301BC4359C0D64770A5DA0CAC90A4A92E63634979D434C4E238553C69
zzOpenFileTypesInTextFileEditor.bash.v02.05.00.001.CMD,\Development\Session_Cleanup.wip\common,3DAF903E,E33B80BF6883CE3673F574D88E62EE86,6BD647EB78F7C181A17F3F0BABB82EBEB4F51788,4B07198301BC4359C0D64770A5DA0CAC90A4A92E63634979D434C4E238553C69
zzRename_Version-3parm.CMD,\Development\Session_Cleanup.wip\common,7CA56830,DF22C2F1CB6D748B1BD6A27279C169B0,A7682E5AFB6CB61FC9513777185237FCAF16A0E2,C8417EE4601E695CF0CDA2CD01A72583890EC4648DB2DA9685156EFEAA2E4BE6
zzRename_Version.CMD,\Development\Session_Cleanup.wip\common,835F8587,2105795AA691B24DB69AEFE35F543B7C,91B5811466A4E497A318845447AF49AD352B6A27,90A874858E9AC96CFCE1B8466BCE30516A46216695A68EF6D7D793B1174C34F8
zzRename_Version_Recursive.CMD,\Development\Session_Cleanup.wip\common,BCCCA5AE,E3797ED55FFB5B3F763FF386D0967FF2,1505E463B879F4C05C29C860236843B983310E34,25BA06A4F3781E0D566E56E2B2CA4EECE28A92E95831A74C8175A1596674A91E
zzTouch.sh.CMD,\Development\Session_Cleanup.wip\common,7DB0C7B0,D9012983D434F81E7441031DA4EEA833,B65768C10B27E5DCC266F56789C7614AC885C812,451917419ABC344ABFF2CECD79F1E66671281AC563734D371C407320D919A28F
code_snippet.cmd_line_parameters_handler.common.006.v00.40.00.sh,\Development\Session_Cleanup.wip\common\_code_snippets,ECEE3E10,8BAD3C29072EB8301A5B36B22EE1A81F,6281A8D93D2F244905C07DEDB419F0682C4BAE20,BD21ADA3B3D2220A63A06322CF690B17BAEE24F777548BEE9290AEC825352FBD
code_snippet.identify_gaia_and Installation.common.006.v00.40.00.sh,\Development\Session_Cleanup.wip\common\_code_snippets,7A0C9FA1,8C3F2C7B2C449E058D1A313EA1501B95,D5CC844C504250EB39479F7EB938EFA93C46B96D,03B839D3BA38E117ED6CABA141E40E0A6BA0F140E04DA680BEC13DD29425F5D5
api_mgmt_cli_shell_template_action_handler.template.v00.40.00.sh,\Development\_templates.wip,F737901E,B9A00D872B72DCCE130035F846EEFC72,7546A89B8BDB4BD66322DCC5547A108A96596D79,6FC2EB84B540A21793D3C0F27190BA8969ABCAE0D8562EA3FC51380C5755B325
api_mgmt_cli_shell_template_with_cmd_line_parameters.template.v00.40.00.sh,\Development\_templates.wip,E524728C,EE1E893BC4BF5E465B992EB409C615BB,E69D93E28FBF9872E1854DF110807195A4F89C1C,B771719B1E61DAFE63920B66817407CDA52EAC50716356D68587E6BCC6526333
api_mgmt_cli_shell_template_with_cmd_line_parameters_script.template.v00.40.00.sh,\Development\_templates.wip,EDBD3D6E,DBF12E09D590654F775A39D94E2C2595,8C54CCCE8D9B5A9A27C654BD831280F5B99D6AA6,0334D74843AB1D1E67B928A5C36261470B82381A756CC30386ACFBCD3758DAB1
test._templates.v00.40.00.sh,\Development\_templates.wip,EA334897,D9E414A30B0C1E82CE732653E2094F78,92DA97E36204A07CA3F9C233BF9E398216CD18D3,DEC26F2A4F0E0877961AC76EF42E1A2722E5D14D6F3B835CC8A3A9F4CA2AC8FF
zzOpenFileTypesInTextFileEditor.bash.CMD,\Development\_templates.wip,3DAF903E,E33B80BF6883CE3673F574D88E62EE86,6BD647EB78F7C181A17F3F0BABB82EBEB4F51788,4B07198301BC4359C0D64770A5DA0CAC90A4A92E63634979D434C4E238553C69
zzOpenFileTypesInTextFileEditor.bash.v02.05.00.001.CMD,\Development\_templates.wip,3DAF903E,E33B80BF6883CE3673F574D88E62EE86,6BD647EB78F7C181A17F3F0BABB82EBEB4F51788,4B07198301BC4359C0D64770A5DA0CAC90A4A92E63634979D434C4E238553C69
zzRename_Version-3parm.CMD,\Development\_templates.wip,7CA56830,DF22C2F1CB6D748B1BD6A27279C169B0,A7682E5AFB6CB61FC9513777185237FCAF16A0E2,C8417EE4601E695CF0CDA2CD01A72583890EC4648DB2DA9685156EFEAA2E4BE6
zzRename_Version.CMD,\Development\_templates.wip,835F8587,2105795AA691B24DB69AEFE35F543B7C,91B5811466A4E497A318845447AF49AD352B6A27,90A874858E9AC96CFCE1B8466BCE30516A46216695A68EF6D7D793B1174C34F8
zzRename_Version_Recursive.CMD,\Development\_templates.wip,BCCCA5AE,E3797ED55FFB5B3F763FF386D0967FF2,1505E463B879F4C05C29C860236843B983310E34,25BA06A4F3781E0D566E56E2B2CA4EECE28A92E95831A74C8175A1596674A91E
zzTouch.sh.CMD,\Development\_templates.wip,78449C17,A6F16897855F5CE26D24B1B931C4BE68,16010BE12EA0A64E185C0C9FFDF0961B30C19594,580DB31EE2FE628E8C770FB19AA6D364E39DF51870A7B2E356CEBE18EC110F22
_templates_version_v00x40x00.version,\Development\_templates.wip,944E760E,7D66AD31B4843B61110C1B58BB6381C9,33DBD07FBDA6259B3D66794B5FCA0D6DF4BE2601,7A1B3253B8AD1D250ED3A1B2A6AA2F8823699F59FF808E5BA2B42212ECF78542
api_mgmt_cli_shell_template_common_action_handler.template.action.common.006.v00.40.00.sh,\Development\_templates.wip\common,24D3E6C8,569AD75E809A141DE0BDA2B4793819D0,FD29227DF31355D7447420FD08DA07B45E9ECE9D,41EB4BE3770217A05C05D86EA0CF0F002140BA0A07457A3032A076E9FAF9A18F
cmd_line_parameters_handler.action.common.006.v00.40.00.sh,\Development\_templates.wip\common,3E2B88C6,6E9025B5F8832738CAF5D8E595112E7A,1C48324411B49929678820ECB050E95847306B99,551FF7C6347A6C503A2D7068425EEAA8B2FCF6E9F9C1258AEE1F8E1F7B9425FF
common_version_v00x40x00.version,\Development\_templates.wip\common,8AB33C81,3060E485DD959C8BA8F16277A8EE11B1,7CAD7A785B468D0493127384D4602A6D2DBBF7A0,DB19B94B34C6525604399F93D1C675F23D5C565EB3609D7C8FDFA4D01B872635
identify_gaia_and_installation.action.common.006.v00.40.00.sh,\Development\_templates.wip\common,60C38814,CFB8665FE98BEF000492D4B981DFBD69,4518F892A9F6E8A6E3E6FDCE173ED9D56C530D70,9CE223011202B65FAA5644F719150D991E930670CDF914557017AAEB1B3F2AB9
zzOpenFileTypesInTextFileEditor.bash.CMD,\Development\_templates.wip\common,3DAF903E,E33B80BF6883CE3673F574D88E62EE86,6BD647EB78F7C181A17F3F0BABB82EBEB4F51788,4B07198301BC4359C0D64770A5DA0CAC90A4A92E63634979D434C4E238553C69
zzOpenFileTypesInTextFileEditor.bash.v02.05.00.001.CMD,\Development\_templates.wip\common,3DAF903E,E33B80BF6883CE3673F574D88E62EE86,6BD647EB78F7C181A17F3F0BABB82EBEB4F51788,4B07198301BC4359C0D64770A5DA0CAC90A4A92E63634979D434C4E238553C69
zzRename_Version-3parm.CMD,\Development\_templates.wip\common,7CA56830,DF22C2F1CB6D748B1BD6A27279C169B0,A7682E5AFB6CB61FC9513777185237FCAF16A0E2,C8417EE4601E695CF0CDA2CD01A72583890EC4648DB2DA9685156EFEAA2E4BE6
zzRename_Version.CMD,\Development\_templates.wip\common,835F8587,2105795AA691B24DB69AEFE35F543B7C,91B5811466A4E497A318845447AF49AD352B6A27,90A874858E9AC96CFCE1B8466BCE30516A46216695A68EF6D7D793B1174C34F8
zzRename_Version_Recursive.CMD,\Development\_templates.wip\common,BCCCA5AE,E3797ED55FFB5B3F763FF386D0967FF2,1505E463B879F4C05C29C860236843B983310E34,25BA06A4F3781E0D566E56E2B2CA4EECE28A92E95831A74C8175A1596674A91E
zzTouch.sh.CMD,\Development\_templates.wip\common,7DB0C7B0,D9012983D434F81E7441031DA4EEA833,B65768C10B27E5DCC266F56789C7614AC885C812,451917419ABC344ABFF2CECD79F1E66671281AC563734D371C407320D919A28F
code_snippet.cmd_line_parameters_handler.common.006.v00.40.00.sh,\Development\_templates.wip\common\_code_snippets,ECEE3E10,8BAD3C29072EB8301A5B36B22EE1A81F,6281A8D93D2F244905C07DEDB419F0682C4BAE20,BD21ADA3B3D2220A63A06322CF690B17BAEE24F777548BEE9290AEC825352FBD
code_snippet.identify_gaia_and Installation.common.006.v00.40.00.sh,\Development\_templates.wip\common\_code_snippets,7A0C9FA1,8C3F2C7B2C449E058D1A313EA1501B95,D5CC844C504250EB39479F7EB938EFA93C46B96D,03B839D3BA38E117ED6CABA141E40E0A6BA0F140E04DA680BEC13DD29425F5D5
common.v00.40.00.tgz,\Operations,5932DCEB,833E6D4E7C909D689EAD1108F203C0D6,7D61B2DACABD802990B2B8F2968FE4ADF5029A7F,FC354EE8C163359632AD00B9F6B7235207723DC21D8AB3FE3AA41FD4EE94CA65
export_import.v00.40.00.tgz,\Operations,E7DFD052,51194DF0B4171ED3DDCA8EC4534F5AF0,82C70C2C2547E6C76D2445AF196AF2944F78A408,6D63C75C710C75D76F369A4AE2319CF2139DFA8036D6B02A6BEB3B532D667FBE
Session_Cleanup.v04.00.00_template_v00.40.00.tgz,\Operations,C76C16F7,A2DAC6DD8DAFF1430C1B5D087CADE27D,2686113831A7904FC4CBC3703843611581DB5858,B363DD6056E7903EE539772C1DDECA50D732EB43AD09A4B729F6CCE718983AE9
_templates.v00.40.00.tgz,\Operations,33905D2C,5EDC751415EDB8C8AF5B542E1B756359,662A73D3F51DEDE684063AC7318EB9A1BED21EAD,37731D05DCF93685486EE75C6E8D1CEB230846DB1080E5BAB4815E1B912E0487
api_mgmt_cli_shell_template_common_action_handler.template.action.common.006.v00.40.00.sh,\Operations\common,24D3E6C8,569AD75E809A141DE0BDA2B4793819D0,FD29227DF31355D7447420FD08DA07B45E9ECE9D,41EB4BE3770217A05C05D86EA0CF0F002140BA0A07457A3032A076E9FAF9A18F
cmd_line_parameters_handler.action.common.006.v00.40.00.sh,\Operations\common,3E2B88C6,6E9025B5F8832738CAF5D8E595112E7A,1C48324411B49929678820ECB050E95847306B99,551FF7C6347A6C503A2D7068425EEAA8B2FCF6E9F9C1258AEE1F8E1F7B9425FF
common_version_v00x40x00.version,\Operations\common,8AB33C81,3060E485DD959C8BA8F16277A8EE11B1,7CAD7A785B468D0493127384D4602A6D2DBBF7A0,DB19B94B34C6525604399F93D1C675F23D5C565EB3609D7C8FDFA4D01B872635
identify_gaia_and_installation.action.common.006.v00.40.00.sh,\Operations\common,60C38814,CFB8665FE98BEF000492D4B981DFBD69,4518F892A9F6E8A6E3E6FDCE173ED9D56C530D70,9CE223011202B65FAA5644F719150D991E930670CDF914557017AAEB1B3F2AB9
zzTouch.sh.CMD,\Operations\common,7DB0C7B0,D9012983D434F81E7441031DA4EEA833,B65768C10B27E5DCC266F56789C7614AC885C812,451917419ABC344ABFF2CECD79F1E66671281AC563734D371C407320D919A28F
code_snippet.cmd_line_parameters_handler.common.006.v00.40.00.sh,\Operations\common\_code_snippets,ECEE3E10,8BAD3C29072EB8301A5B36B22EE1A81F,6281A8D93D2F244905C07DEDB419F0682C4BAE20,BD21ADA3B3D2220A63A06322CF690B17BAEE24F777548BEE9290AEC825352FBD
code_snippet.identify_gaia_and Installation.common.006.v00.40.00.sh,\Operations\common\_code_snippets,7A0C9FA1,8C3F2C7B2C449E058D1A313EA1501B95,D5CC844C504250EB39479F7EB938EFA93C46B96D,03B839D3BA38E117ED6CABA141E40E0A6BA0F140E04DA680BEC13DD29425F5D5
500plus.application-sites.details_full.sh,\Operations\export_import,A1FD79AF,621122F83A8179D92CE78B7EC98B7CF4,CC64046903C8BFC88C4CB1C64B2A2AF9A45E57D5,2664E953882D603A1C79EE116D5737E3D593E6A05702FA1A4F3B8E0FEC603B03
500plus.application-sites.details_standard.sh,\Operations\export_import,C73123F4,23354F9B0CF9CC56B346E6AB99A2C972,8B57DE128A61735E4C7226483A4FF54015B8E9A5,200138761583D3D4C57F25CB1F2B6264F463D0DFB5BAAC82462479030E89BC0B
api_add_csv_error_handling_to_csv_file.sh,\Operations\export_import,9ABD2FD9,7CE1E7365590180F8CB4E6F99F99CEC4,E7218FB4747CFC77896D6F64FE35790DAB2DE57E,B108DD0F74A6DBE0B628152E200A1E0C61A29230242E86B86AE92B7221B149BA
api_subpend_csv_error_handling_to_csv_files.sh,\Operations\export_import,C9915C3A,687FEF168FA99C157ABC5621212C4A5F,0E832F0073EC70B12E8F1AA9CCC7218B553EC1C8,54F8339746A658F99D3630D8780E61E6E12F2B92CDD1B0F52F794602DB3980E7
cli_api_delete_objects_using_csv.sh,\Operations\export_import,FD74B03D,725FE06862185CCAD1C12A940B6FA2B7,CBDBD902E53A48DC37B96FDA32732B26D88B0A9A,C1F31D3F2EAB82239A8650D4C263FB0B3A5AF5CDF3E8E94E2255B0EFA0633190
cli_api_export_all_domains_objects.sh,\Operations\export_import,5C3D7A00,AD4ECB0E06301A1C7331BF4965DA4E5E,CC58E9962A4860B98DB0A591E60D03374A1E9D08,5103B10D22664A83A5E7EF65AAA227932F3E39274641C84266CA5BC59C88EB9A
cli_api_export_all_domains_objects_to_csv.sh,\Operations\export_import,40278790,68CF44CD545224E4E2FEAC52D213263B,E44561692B1DCAE85E2DC5F25156F1FF7DB51FC0,DD80EBD527878E1793044D4A36A1523F85E2036ED5F470E9B22A243334BC63C3
cli_api_export_objects.sh,\Operations\export_import,8D815F52,3EE153B83D7ACD2B16F05F900A2ED9D4,38444B9D4738B361B33363C17E7BA54019071927,B28039040C801825FEB4352EBC4F4CB4B17C1407A688B529EC847C962DA16F87
cli_api_export_objects_actions.sh,\Operations\export_import,6799987B,1F6B1CEAF4EFD129CE000808B03B26D8,B073D21CBA8E44F464A220AA3F69C37A2F16D843,9E4A6A73BAD3D02193374BBB18FE7695EEDE329C1596B88BC99220EAD1DA2104
cli_api_export_objects_actions_to_csv.sh,\Operations\export_import,02BAB0AE,395FB0B5C2C7010A337B42B5DF7988A4,13939E36B7D60FF86DFCC48B56DDC524C9B1258D,E522DF01ACB1F6EF9FB6D10D1A63C7AF9C03FDC537199A44E4CAA0DB6D269CE5
cli_api_export_objects_to_csv.sh,\Operations\export_import,82F3B0AF,CBF6BC2746EE211E0090EC4AE8C19139,DF80E5B477C31967445A8F96B12ED22000E62D17,8E3A78886193AB92F1B27B847BE79A3577D1DDA85B72FC0FB068B06F152D851E
cli_api_export_objects_to_json_full.sh,\Operations\export_import,DF09B3AF,9671CCE633B577A8DDB94BBDC76CE724,381BF068B00C1903D9F6F1CE4414C0C8AA5FAEF3,4A63E4D9209AADE5FAC879398557517D73455EDEA92FCF023A365376C31FD012
cli_api_export_objects_to_json_standard.sh,\Operations\export_import,52E6CD07,3EE912B2E8DA039E844713C2C1E8A120,3515AD51E1A02B1AF4E672A9E06A54DCC915820B,216271F0A18613A4F7A1EBE5B7FF06797001C4945ED7005C3AFFD448424CD7ED
cli_api_get_object_totals.sh,\Operations\export_import,144144C9,6266508AABC04AE1117B6BE8CC58416F,8B5324DFB70FDC0E436F0ECC36EF636AA2135939,5EA0964B39FF2D72F22A0E00558F234E906912AB06F1633006D46B4C7A962442
cli_api_get_object_totals_w_group_member_count.sh,\Operations\export_import,5BCC7A49,BE59F350D82569665F84D74A1185DEFA,5658D181FC8DB014DFF8FE9DCAD6826E5BD5D83E,9AE3FA0144530845ED42320EE97A52C30FEB47ECA97E3462FBEBC08B5EFA9197
cli_api_import_objects_from_csv.sh,\Operations\export_import,6604394,1FE2189FA0BC41A21EA4A66E7686B773,5659675F6C75E93CF6A269B6D5E8900E4A42A2E0,6F6077387E069842F1E78F59940F62EEE0924204667691250E1246EAD070B47A
cli_api_set-update_objects_from_csv.sh,\Operations\export_import,98DE6D24,7C4ECF879915A17BBC1FFCCAFBBFBF38,00B7980D7F231C0B95EB35716A23BC7D9A4C3E7B,CAA7B33E24865CD093A6F9474A8B96036E028D1698285714051515B5620CA61D
export_import_version_v00x40x00.version,\Operations\export_import,ED5E32F7,57986AA10EEF76B09831A363953361ED,418F7924DFC313906658A00BF5D95D0DF38D4B00,D84A0809B131FF47087D69AAF895EEABA41BAC54FE28BBBA0BD6EA2D8FDF5402
zzTouch.sh.CMD,\Operations\export_import,78449C17,A6F16897855F5CE26D24B1B931C4BE68,16010BE12EA0A64E185C0C9FFDF0961B30C19594,580DB31EE2FE628E8C770FB19AA6D364E39DF51870A7B2E356CEBE18EC110F22
api_mgmt_cli_shell_template_common_action_handler.template.action.common.006.v00.40.00.sh,\Operations\export_import\common,24D3E6C8,569AD75E809A141DE0BDA2B4793819D0,FD29227DF31355D7447420FD08DA07B45E9ECE9D,41EB4BE3770217A05C05D86EA0CF0F002140BA0A07457A3032A076E9FAF9A18F
cmd_line_parameters_handler.action.common.006.v00.40.00.sh,\Operations\export_import\common,3E2B88C6,6E9025B5F8832738CAF5D8E595112E7A,1C48324411B49929678820ECB050E95847306B99,551FF7C6347A6C503A2D7068425EEAA8B2FCF6E9F9C1258AEE1F8E1F7B9425FF
common_version_v00x40x00.version,\Operations\export_import\common,8AB33C81,3060E485DD959C8BA8F16277A8EE11B1,7CAD7A785B468D0493127384D4602A6D2DBBF7A0,DB19B94B34C6525604399F93D1C675F23D5C565EB3609D7C8FDFA4D01B872635
identify_gaia_and_installation.action.common.006.v00.40.00.sh,\Operations\export_import\common,60C38814,CFB8665FE98BEF000492D4B981DFBD69,4518F892A9F6E8A6E3E6FDCE173ED9D56C530D70,9CE223011202B65FAA5644F719150D991E930670CDF914557017AAEB1B3F2AB9
zzTouch.sh.CMD,\Operations\export_import\common,7DB0C7B0,D9012983D434F81E7441031DA4EEA833,B65768C10B27E5DCC266F56789C7614AC885C812,451917419ABC344ABFF2CECD79F1E66671281AC563734D371C407320D919A28F
code_snippet.cmd_line_parameters_handler.common.006.v00.40.00.sh,\Operations\export_import\common\_code_snippets,ECEE3E10,8BAD3C29072EB8301A5B36B22EE1A81F,6281A8D93D2F244905C07DEDB419F0682C4BAE20,BD21ADA3B3D2220A63A06322CF690B17BAEE24F777548BEE9290AEC825352FBD
code_snippet.identify_gaia_and Installation.common.006.v00.40.00.sh,\Operations\export_import\common\_code_snippets,7A0C9FA1,8C3F2C7B2C449E058D1A313EA1501B95,D5CC844C504250EB39479F7EB938EFA93C46B96D,03B839D3BA38E117ED6CABA141E40E0A6BA0F140E04DA680BEC13DD29425F5D5
testing_operations_multi_domain_regular.txt,\Operations\export_import\test,E3F107F6,3B9151DB4F2FEB85E381AD20D9C5F1BC,EBA017D052E2C3932CF4867873DFD5436BB690D5,366A25B555DE99FAF6BBEBAE97CBFCC1BE2A53FD6E497D789E827C31D159EFD2
testing_operations_single_management_regular.txt,\Operations\export_import\test,8E6366E9,95D1A7DD99FB5C7244F6B78F8C3640B0,05690D347CC87153977E4E32AB2DE339E97EA8CE,A927DAEDF25D356C3409FD29E3BD30A91D80AE3CE5EBFBEC45A9EC63FD6D8EAF
address-ranges_name_csv.csv,\Operations\export_import\test\delete.csv,E52160B7,E55C852E3179A1122487D43AB13C6EB7,C5E5AB69CBD10556A7CD5EF01EC1918A24AB6725,0F18F59272F3D108483140F66BC873C6539C6E5F6352C4A61ABB44F3FC793F2F
dns-domains_name_csv.csv,\Operations\export_import\test\delete.csv,F56D1844,32798C4F6D37449ED9DB682166410534,3057B794E407C454CA89A46F72B36E3D7FDCF3E7,E76AFB441927AF5AF800E5C7D302DFF20F9CB3B49D10E2F75547B0767DDD21C4
groups-with-exclusion_name_csv.csv,\Operations\export_import\test\delete.csv,7D2120E4,BAC40512084D12D5880E46DCEAC91258,F3E19EC05007014B8B871AAAB5D9E45468A470CD,5309C0D0D2C10037ADC5891E455CE408E1D94BA07625E2D5010BC27593B601BE
groups_name_csv.csv,\Operations\export_import\test\delete.csv,22CDD320,208A399B82EE9EAFB9D4C274EAEAEF92,D8D43A3084B4AD306B2B00BC6D1A19CB46391F7D,9EC4E8182A11740609BF2268BBA2CA6BFD4B6BC0208E9415B08DD60E9EAC4865
hosts_name_csv.csv,\Operations\export_import\test\delete.csv,34E797F9,5DFFE08A343FC66B0035CD482911BE14,B80A2CD5FA18990B2BF140949E49D86CC86AD34E,557F16E452FB634CAAAA14EDFFD66023E52278672D4AC6C63B5F72422F36E67D
networks_name_csv.csv,\Operations\export_import\test\delete.csv,10E50506,DA3BE8BC552D1A0E181BBCB7C1C14EE2,3D66BD16594CA43D1D788CEE6BBCDD67A919C26C,907457F0D7820C35ECA4F9B16966D32543314D6BF1EFF558486A5B09208C69B7
security-zones_name_csv.csv,\Operations\export_import\test\delete.csv,49FD9780,B9F4B3C7A0ABC009EA8CF0270CFC2439,1D2A73D9DBB2D8403B6F1DD107BE1406DE4EF301,00475A55D9225DA9F589634BC4C7BCB267E022396452B0338BC7A245D8758EBC
address-ranges_name_csv.csv,\Operations\export_import\test\delete.large.csv,E52160B7,E55C852E3179A1122487D43AB13C6EB7,C5E5AB69CBD10556A7CD5EF01EC1918A24AB6725,0F18F59272F3D108483140F66BC873C6539C6E5F6352C4A61ABB44F3FC793F2F
dns-domains_name_csv.csv,\Operations\export_import\test\delete.large.csv,F56D1844,32798C4F6D37449ED9DB682166410534,3057B794E407C454CA89A46F72B36E3D7FDCF3E7,E76AFB441927AF5AF800E5C7D302DFF20F9CB3B49D10E2F75547B0767DDD21C4
groups-with-exclusion_name_csv.csv,\Operations\export_import\test\delete.large.csv,7D2120E4,BAC40512084D12D5880E46DCEAC91258,F3E19EC05007014B8B871AAAB5D9E45468A470CD,5309C0D0D2C10037ADC5891E455CE408E1D94BA07625E2D5010BC27593B601BE
groups_name_csv.csv,\Operations\export_import\test\delete.large.csv,22CDD320,208A399B82EE9EAFB9D4C274EAEAEF92,D8D43A3084B4AD306B2B00BC6D1A19CB46391F7D,9EC4E8182A11740609BF2268BBA2CA6BFD4B6BC0208E9415B08DD60E9EAC4865
hosts_name_csv.csv,\Operations\export_import\test\delete.large.csv,3.54E+04,629B059789B40254AE77E52D36354D78,1FD4F4080458B63796C8D5012F8F61C340932726,929C417FD473A88D51A6FDE4DCCAA2BA86A2ABA88ED21CA3E825385A5190CFA6
networks_name_csv.csv,\Operations\export_import\test\delete.large.csv,10E50506,DA3BE8BC552D1A0E181BBCB7C1C14EE2,3D66BD16594CA43D1D788CEE6BBCDD67A919C26C,907457F0D7820C35ECA4F9B16966D32543314D6BF1EFF558486A5B09208C69B7
security-zones_name_csv.csv,\Operations\export_import\test\delete.large.csv,49FD9780,B9F4B3C7A0ABC009EA8CF0270CFC2439,1D2A73D9DBB2D8403B6F1DD107BE1406DE4EF301,00475A55D9225DA9F589634BC4C7BCB267E022396452B0338BC7A245D8758EBC
address-ranges_full_csv.csv,\Operations\export_import\test\import.csv,21D0DB8D,D2121DD5F5D125021C8C34F263693311,71FACDBB08FB56EAD8152AB65B5AFD6DC4250419,381DA106AE1B2AC7B275992861DBEBF7A8BB8F7A7D02990CE14E08D2050FDD01
dns-domains_full_csv.csv,\Operations\export_import\test\import.csv,1A928723,AA7FC3C8405D2B8A78DB5F8BD455EB26,1712D69E695FDE7F0543F43864195B310B089DE3,7A03D6A3FCA7388E49EA9BAB5A457E5C56F99919089473CF63CB9A5232613380
group-members_full_csv.csv,\Operations\export_import\test\import.csv,FBA57105,E4111D781B47E4610E1EA8561BF1A837,A4520563D12D4F99C175ACFBB17DFC2BFD9921DA,F7A972EB6F64D514B13249413044E43057BE938C078E9CE64A21D187DD6AF850
groups-with-exclusion_full_csv.csv,\Operations\export_import\test\import.csv,1A88C823,AB97C3CB6F80B6AC12283CA25ABDE8A4,52F085A4FD6090FEF3C19B6D4D7A01B1D7101417,3AC035F86C76CF2A85B8513963F5259F7E88B60424F02DBC93D11E8030BB673E
groups_full_csv.csv,\Operations\export_import\test\import.csv,00C3F8EA,2844870D179D524F412B3A360A1E2C80,0ED49F6A09873F18865120A6203F635E50D16D82,471F10005B232EBE19C0E2DD8BEFDF1E0EB7CBD80125C2725EAB10B5403B2098
host-interfaces_full_csv.csv,\Operations\export_import\test\import.csv,5602DBF7,5315A8A40E4838AE30354129B53C5411,8D20C9C9158BC4A423B325CD094C5D562E4C0579,1B26B66BD189865873C8A7C3F112B5932C02F32A01A614405EB357C1F77BA9CD
hosts_full_csv.csv,\Operations\export_import\test\import.csv,371B4B8A,7FA802A6458F9AA6DF6FBA613AA4B88E,3ED2C130326370AD8BB4E3D2B7F69F95EDFE5E4F,048E0BCEB038D04B7D6491FEC50C852E2137BDA7B830E94E316EABBA44176898
networks_full_csv.csv,\Operations\export_import\test\import.csv,801CFC8C,3313DDAFDECF199CD1B2032DBC527A02,B305D9EC7F57E5C80119E362BF3341855ECC48C1,B51D3319C9116BC0F5637A019990767F11A293B9DB428F244CC5DE380801E20A
networks_special_set_csv.csv,\Operations\export_import\test\import.csv,4EBAE812,217A62076156A0015F42B6A0B86EF20D,04598D924FDA8ADDC71C0089FAD2ECD849B0B364,DE6B455662E252C7385ADBF107FD2E36A4179561BFAA2D86FC7E214165E2B774
security-zones_full_csv.csv,\Operations\export_import\test\import.csv,5587DA69,933C407149A4CB192AF9B77C6252075D,BACEE39EC1F279F6599DE21F91347A5BBA188F80,D0980FEA58F8DC7869FF65D9B2F7AEC38415BFA852E7DF6057A14BFBC1FEFCBC
address-ranges_full_csv.csv,\Operations\export_import\test\import.large.csv,21D0DB8D,D2121DD5F5D125021C8C34F263693311,71FACDBB08FB56EAD8152AB65B5AFD6DC4250419,381DA106AE1B2AC7B275992861DBEBF7A8BB8F7A7D02990CE14E08D2050FDD01
dns-domains_full_csv.csv,\Operations\export_import\test\import.large.csv,2FDDF607,932D7F09940D99C7BAAC422420F69A35,5B1BF9F70B2E781E89C48EB564A513422D7CCEA5,CE00D75674CDBC741A98A576C888F1A26F1CC4CAF2094F66E96ABE3A5F94CF5C
group-members_full_csv.csv,\Operations\export_import\test\import.large.csv,FBA57105,E4111D781B47E4610E1EA8561BF1A837,A4520563D12D4F99C175ACFBB17DFC2BFD9921DA,F7A972EB6F64D514B13249413044E43057BE938C078E9CE64A21D187DD6AF850
groups-with-exclusion_full_csv.csv,\Operations\export_import\test\import.large.csv,1A88C823,AB97C3CB6F80B6AC12283CA25ABDE8A4,52F085A4FD6090FEF3C19B6D4D7A01B1D7101417,3AC035F86C76CF2A85B8513963F5259F7E88B60424F02DBC93D11E8030BB673E
groups_full_csv.csv,\Operations\export_import\test\import.large.csv,00C3F8EA,2844870D179D524F412B3A360A1E2C80,0ED49F6A09873F18865120A6203F635E50D16D82,471F10005B232EBE19C0E2DD8BEFDF1E0EB7CBD80125C2725EAB10B5403B2098
host-interfaces_full_csv.csv,\Operations\export_import\test\import.large.csv,5602DBF7,5315A8A40E4838AE30354129B53C5411,8D20C9C9158BC4A423B325CD094C5D562E4C0579,1B26B66BD189865873C8A7C3F112B5932C02F32A01A614405EB357C1F77BA9CD
hosts_full_csv.csv,\Operations\export_import\test\import.large.csv,0861E29B,53E940AD502351D452F20D0B3BA39FBC,48DAE2CB486B5CA44926435ABE3A3A4EB345949E,4BB897D10AD9421435D97045C4788A577B5CD53C0CCB9756222DA1B5EAC3927C
networks_full_csv.csv,\Operations\export_import\test\import.large.csv,801CFC8C,3313DDAFDECF199CD1B2032DBC527A02,B305D9EC7F57E5C80119E362BF3341855ECC48C1,B51D3319C9116BC0F5637A019990767F11A293B9DB428F244CC5DE380801E20A
networks_special_set_csv.csv,\Operations\export_import\test\import.large.csv,4EBAE812,217A62076156A0015F42B6A0B86EF20D,04598D924FDA8ADDC71C0089FAD2ECD849B0B364,DE6B455662E252C7385ADBF107FD2E36A4179561BFAA2D86FC7E214165E2B774
security-zones_full_csv.csv,\Operations\export_import\test\import.large.csv,5587DA69,933C407149A4CB192AF9B77C6252075D,BACEE39EC1F279F6599DE21F91347A5BBA188F80,D0980FEA58F8DC7869FF65D9B2F7AEC38415BFA852E7DF6057A14BFBC1FEFCBC
groups_full_csv.csv,\Operations\export_import\test\set_update.csv,93943215,75C9469108D89CCFAF23222452EE1A9D,BC9F87721535FAC87A9F4323C42A6416EEC6B0E0,0A6126E1778D853785780196FB0FAECD69979D1B48348DD83B3176431C6CB8BE
hosts_full_csv.csv,\Operations\export_import\test\set_update.csv,212CBCC4,FBA8C56EC958A8AEE95CCCCAE32EECC8,63A9DD056DF8636F62F75566C86F11CAFE3EE5DF,1791FD9F0505884B521551130399E997B8EDC8C5BE46A7E872BE1A0C95300A03
networks_full_csv.csv,\Operations\export_import\test\set_update.csv,DF07C0F0,E4FB3F181A3D78073C507634333F1A16,3AB55AAA223215C7E49750AA95D96D31AF23FE7C,8B1F502E9E079F28459C63B76A94B5634A903D81CE0CFFF452D648A743462E82
security-zones_full_csv.csv,\Operations\export_import\test\set_update.csv,F059CDAA,33AC7818590199B100A8C9014C2CDD70,649B639F37AAB531D31359850BF31562EBB06346,021D8B949F05D789DE715B5C587FC1F4A611174D96CA2F62416573B829024BBF
MDM_Get_Domains_List_v00.01.00.wip.sh,\Operations\MDM,8C21B60F,FD3F7BC8EB5B57FB7883CF1428198DD1,3BC81A77F0A1DDE97B026607ABD3B7B045B7C365,DD2F477AA9FD72F6ED0CFC66DDBE35A1B8CBFAB7FABF895B7F31B745A68E261A
remove_zerolocks_sessions.v04.00.00.sh,\Operations\Session_Cleanup,2F598317,E19089E15ADAE1B8CEA62848510F259D,E919470B3AD324274ADAE551F1FE51801489698E,229348B2E323B4D521CF0C31A81BD07CDBD35D343D815128CE4119E77BF4F5ED
remove_zerolocks_web_api_sessions.v04.00.00.sh,\Operations\Session_Cleanup,E424D180,6C5315C459E8CD8BD069D76CD8D815DC,890FEDFAAF245EADDF5C9A72E63E544A090A11A6,F2580AEB1CEEDED9F81A5D8545A2CC8C912DFE632BC4D433A143A14421BF1F7C
Session_Cleanup_version_v00x40x00.version,\Operations\Session_Cleanup,F28B6CF8,9BE3A6FA7524BDAF10331852FB59A966,DF0C1EE998EBC04C566F37BF39E322463964D23B,F0006346BC2F0461B4D25F0BD981E16E3B73EFE6DAD79ED14C7BE6F8CEACE2B2
show_zerolocks_sessions.v04.00.00.sh,\Operations\Session_Cleanup,1188E7EB,3B19A46EDDDF1FBEEAD9FBD0EE2E315D,CB8CB2415E5296348BD7319DE37B42A0ED99E313,771F4ED6B66614D27D1DA7ADA3BCB28085740B26993AB64B3067102A2F58D125
show_zerolocks_web_api_sessions.v04.00.00.sh,\Operations\Session_Cleanup,7D9DAE77,8053064588D607DB44475C8AE1AEC519,A5DCC6FD32F1D6E2FA0CA17EB21683CC7A769B24,97BA7F58CF3A4B5D77B99D6E067E808FED876BCBEEE260C31DE91511E220FAC3
zzTouch.sh.CMD,\Operations\Session_Cleanup,7DB0C7B0,D9012983D434F81E7441031DA4EEA833,B65768C10B27E5DCC266F56789C7614AC885C812,451917419ABC344ABFF2CECD79F1E66671281AC563734D371C407320D919A28F
api_mgmt_cli_shell_template_common_action_handler.template.action.common.006.v00.40.00.sh,\Operations\Session_Cleanup\common,24D3E6C8,569AD75E809A141DE0BDA2B4793819D0,FD29227DF31355D7447420FD08DA07B45E9ECE9D,41EB4BE3770217A05C05D86EA0CF0F002140BA0A07457A3032A076E9FAF9A18F
cmd_line_parameters_handler.action.common.006.v00.40.00.sh,\Operations\Session_Cleanup\common,3E2B88C6,6E9025B5F8832738CAF5D8E595112E7A,1C48324411B49929678820ECB050E95847306B99,551FF7C6347A6C503A2D7068425EEAA8B2FCF6E9F9C1258AEE1F8E1F7B9425FF
common_version_v00x40x00.version,\Operations\Session_Cleanup\common,8AB33C81,3060E485DD959C8BA8F16277A8EE11B1,7CAD7A785B468D0493127384D4602A6D2DBBF7A0,DB19B94B34C6525604399F93D1C675F23D5C565EB3609D7C8FDFA4D01B872635
identify_gaia_and_installation.action.common.006.v00.40.00.sh,\Operations\Session_Cleanup\common,60C38814,CFB8665FE98BEF000492D4B981DFBD69,4518F892A9F6E8A6E3E6FDCE173ED9D56C530D70,9CE223011202B65FAA5644F719150D991E930670CDF914557017AAEB1B3F2AB9
zzTouch.sh.CMD,\Operations\Session_Cleanup\common,7DB0C7B0,D9012983D434F81E7441031DA4EEA833,B65768C10B27E5DCC266F56789C7614AC885C812,451917419ABC344ABFF2CECD79F1E66671281AC563734D371C407320D919A28F
code_snippet.cmd_line_parameters_handler.common.006.v00.40.00.sh,\Operations\Session_Cleanup\common\_code_snippets,ECEE3E10,8BAD3C29072EB8301A5B36B22EE1A81F,6281A8D93D2F244905C07DEDB419F0682C4BAE20,BD21ADA3B3D2220A63A06322CF690B17BAEE24F777548BEE9290AEC825352FBD
code_snippet.identify_gaia_and Installation.common.006.v00.40.00.sh,\Operations\Session_Cleanup\common\_code_snippets,7A0C9FA1,8C3F2C7B2C449E058D1A313EA1501B95,D5CC844C504250EB39479F7EB938EFA93C46B96D,03B839D3BA38E117ED6CABA141E40E0A6BA0F140E04DA680BEC13DD29425F5D5
api_mgmt_cli_shell_template_action_handler.template.v00.40.00.sh,\Operations\_templates,F737901E,B9A00D872B72DCCE130035F846EEFC72,7546A89B8BDB4BD66322DCC5547A108A96596D79,6FC2EB84B540A21793D3C0F27190BA8969ABCAE0D8562EA3FC51380C5755B325
api_mgmt_cli_shell_template_with_cmd_line_parameters.template.v00.40.00.sh,\Operations\_templates,E524728C,EE1E893BC4BF5E465B992EB409C615BB,E69D93E28FBF9872E1854DF110807195A4F89C1C,B771719B1E61DAFE63920B66817407CDA52EAC50716356D68587E6BCC6526333
api_mgmt_cli_shell_template_with_cmd_line_parameters_script.template.v00.40.00.sh,\Operations\_templates,EDBD3D6E,DBF12E09D590654F775A39D94E2C2595,8C54CCCE8D9B5A9A27C654BD831280F5B99D6AA6,0334D74843AB1D1E67B928A5C36261470B82381A756CC30386ACFBCD3758DAB1
test._templates.v00.40.00.sh,\Operations\_templates,EA334897,D9E414A30B0C1E82CE732653E2094F78,92DA97E36204A07CA3F9C233BF9E398216CD18D3,DEC26F2A4F0E0877961AC76EF42E1A2722E5D14D6F3B835CC8A3A9F4CA2AC8FF
zzTouch.sh.CMD,\Operations\_templates,78449C17,A6F16897855F5CE26D24B1B931C4BE68,16010BE12EA0A64E185C0C9FFDF0961B30C19594,580DB31EE2FE628E8C770FB19AA6D364E39DF51870A7B2E356CEBE18EC110F22
_templates_version_v00x40x00.version,\Operations\_templates,944E760E,7D66AD31B4843B61110C1B58BB6381C9,33DBD07FBDA6259B3D66794B5FCA0D6DF4BE2601,7A1B3253B8AD1D250ED3A1B2A6AA2F8823699F59FF808E5BA2B42212ECF78542
api_mgmt_cli_shell_template_common_action_handler.template.action.common.006.v00.40.00.sh,\Operations\_templates\common,24D3E6C8,569AD75E809A141DE0BDA2B4793819D0,FD29227DF31355D7447420FD08DA07B45E9ECE9D,41EB4BE3770217A05C05D86EA0CF0F002140BA0A07457A3032A076E9FAF9A18F
cmd_line_parameters_handler.action.common.006.v00.40.00.sh,\Operations\_templates\common,3E2B88C6,6E9025B5F8832738CAF5D8E595112E7A,1C48324411B49929678820ECB050E95847306B99,551FF7C6347A6C503A2D7068425EEAA8B2FCF6E9F9C1258AEE1F8E1F7B9425FF
common_version_v00x40x00.version,\Operations\_templates\common,8AB33C81,3060E485DD959C8BA8F16277A8EE11B1,7CAD7A785B468D0493127384D4602A6D2DBBF7A0,DB19B94B34C6525604399F93D1C675F23D5C565EB3609D7C8FDFA4D01B872635
identify_gaia_and_installation.action.common.006.v00.40.00.sh,\Operations\_templates\common,60C38814,CFB8665FE98BEF000492D4B981DFBD69,4518F892A9F6E8A6E3E6FDCE173ED9D56C530D70,9CE223011202B65FAA5644F719150D991E930670CDF914557017AAEB1B3F2AB9
zzTouch.sh.CMD,\Operations\_templates\common,7DB0C7B0,D9012983D434F81E7441031DA4EEA833,B65768C10B27E5DCC266F56789C7614AC885C812,451917419ABC344ABFF2CECD79F1E66671281AC563734D371C407320D919A28F
code_snippet.cmd_line_parameters_handler.common.006.v00.40.00.sh,\Operations\_templates\common\_code_snippets,ECEE3E10,8BAD3C29072EB8301A5B36B22EE1A81F,6281A8D93D2F244905C07DEDB419F0682C4BAE20,BD21ADA3B3D2220A63A06322CF690B17BAEE24F777548BEE9290AEC825352FBD
code_snippet.identify_gaia_and Installation.common.006.v00.40.00.sh,\Operations\_templates\common\_code_snippets,7A0C9FA1,8C3F2C7B2C449E058D1A313EA1501B95,D5CC844C504250EB39479F7EB938EFA93C46B96D,03B839D3BA38E117ED6CABA141E40E0A6BA0F140E04DA680BEC13DD29425F5D5
