Generated by MD5 & SHA Checksum Utility 2.1 Pro					
Website: http://raylin.wordpress.com/downloads/md5-sha-1-checksum-utility					
File Name	Folder Path	CRC32	MD5	SHA-1	SHA-256
common.v00.31.00.tgz		8EE49C15	F34EEA6D030D37652BA6780DF14C390D	0702907FCC6F8108E6C2BF61BB7C5E4CD5B1BA74	7307C332AF6985FF5B507EDFF71925BDDE0AE322F06922E68A82173E43270239
export_import.v00.31.00.tgz		FE6C156A	227ADB14F61391D142A9F257E9834F91	A0D545952CB5EEDF3B30C41C995037423711782B	3553C1A022683535546E30B9C19B98B2E154A1F11F64442155BF098C812F6C5E
_templates.v00.31.00.tgz		5B7739D4	FF1A443D24377CCF7A51017658CBA65F	1AE480916C4217FEF2D7D4F75E573D922CB27501	BB5454921E3D6FD1141D4989652FCBF448C0FF2DCF76BF182C3026B5F7140490
v00.31.00_2018-10-27-1900CDT.info	\Operations	805BA807	C7F494D8B81297EE72DAE332ED9FDFBB	7D463B54BDB11779389AFC862D120289621F8649	B15F8ADC9C642000BC860FA3F14689317BD1A30C3D7453FD65DA6DB8150DBC9B
cmd_line_parameters_handler.action.common.005.v00.31.00.sh	\Operations\common	1A4EC494	13D0082C71BE5331E447AF0980D66FD8	BA72573ED04E4198B2E5DCB0E3DED023975A49A7	97BA9D1DB072824339B95390845EAD6B770BE3B76B8F00BFACEFE781E420511A
common_version_v00x31x00.version	\Operations\common	5.34E+55	11724AB030BF19B25C80D8E172EC9AB1	5EB460B3BBF3A7B784ECB2FCC7B93AC63BBB5E18	78B295755DA5A2D63D9673F34B4EB3E5CEA3833F93C96600649C0FD4E8F0EB4B
identify_gaia_and_installation.action.common.005.v00.31.00.sh	\Operations\common	C4E12954	97091FEC91400DFDC2476BEA1FD751D2	2BE3898B0CC166B8E57369E5FCC2A8620B16EF0F	ABC9FE41404531EFA2E111E72BBA226D09BA19AF7C44D6E52F0AFF7CB0065924
zzTouch.sh.CMD	\Operations\common	78449C17	A6F16897855F5CE26D24B1B931C4BE68	16010BE12EA0A64E185C0C9FFDF0961B30C19594	580DB31EE2FE628E8C770FB19AA6D364E39DF51870A7B2E356CEBE18EC110F22
api_add_csv_error_handling_to_csv_file.sh	\Operations\export_import	90DCB57B	FA7BD633E62B268D23B948C01029CA99	CA214A82440F5EF7B6D1592090000F29D0586049	D9FD5ADDAA99A8AEC1D6A19F513D053DEFE38322892A0D1E4309EADEF718420D
api_subpend_csv_error_handling_to_csv_files.sh	\Operations\export_import	2F7B7735	F241B877DF438E390939C9454BB017FB	DCFA5CD427C7B23F9A17A39DE2390DF9625541E3	4B2F3F856FC19421471E459A3BB83E29B8F21EA64DC393A8EF2E8D1325567906
cli_api_delete_objects_using_csv.sh	\Operations\export_import	9477B6D6	1713C7C37C67EF4A1EC7BE50F7121A25	FA79D97DE93B4CFD93CDF36C45CF015927EC4F37	17D4FE8046D00E914D9AF3C5902951B2A591B72C2934F08953DAA7EBF926AEEA
cli_api_export_all_domains_objects.sh	\Operations\export_import	8511ABE1	0C7C4FBE4D6CB5FCF820352A5519FB1E	954490FC1E77701180C921FEDAA4D81490A2E1A9	3CB8CB2F9F1E93F9F79E7E58FBB5ED1F639314A915991CDF6BE415CE4A5157DC
cli_api_export_all_domains_objects_to_csv.sh	\Operations\export_import	56F69652	41A2C2352D62C1D69953EA7D0165DFE7	ADB795F1A99068CA4DC978EE7A1D630F81A2D32D	A956E718EFC0C4E399E52D359E8F66DE6CDCA62E6B87DD93FB51F47BA1D1368C
cli_api_export_objects.sh	\Operations\export_import	6215249F	EDA8E421161E9E512D7D4D0046F9915B	8E312A11136744696CB0E486912BBED36DB250A9	ABCB0D45738BBF2DC685B0C3D321EC23387769F29D3A3B26CE7CCB550A0892FA
cli_api_export_objects_actions.sh	\Operations\export_import	E8BF6878	C95F199C3DD3085E678C1A7012D4C480	25B6D06798B59FD24036E3DAF0BF359A5B0AD66B	343EA5E6D60D56A957027CAD9EB116E8011EA86BB0E0B0ED1E86DAD0FDD8C824
cli_api_export_objects_actions_to_csv.sh	\Operations\export_import	BCEF9C99	83D94D50444C56CF796AE970DC4BC680	66C677E6E1FE910DC8BEC9ECFF4305EFA398452D	64F93318519705B7E2E1C819B805BB196CBB4C5157E79389B593CB2342D407F0
cli_api_export_objects_to_csv.sh	\Operations\export_import	258A90FE	D159F7904BEB27BB97B5615A5CDFC502	5215B7ECB522D5DFB69CADEB1F0306C4F4392FD2	53D1F00215A6E05857393A9BA9E6A98C25DAF23BA29EBA2A5F1CE806AE8F4F15
cli_api_export_objects_to_json_full.sh	\Operations\export_import	A05BB132	7F094602990731B7974AAC48E4D5884A	3C52DB590E190F8F84B98BC6208F6DB70AE3E911	114042E639191393F7D5A4BAACB8552010369969C881A29513CF32DE94DCBCF6
cli_api_export_objects_to_json_standard.sh	\Operations\export_import	0C32FF7B	DB47F6B6E1E11A25D4EA4B16619A919E	41596DB28B3F7C00EFFC6EE067642956872BE010	A8179876A5CBB9BBE5D67F097707BF0314459BB63335820635F72A4401D7A889
cli_api_get_object_totals.sh	\Operations\export_import	AC3899DC	F37263EBBE5A1434D0FBB09ADF7D9D97	19C0E8F1A492F80EB9FFB5FB76C8E0D4AFB4F478	0122F0B87064F86251F055AB2A5DDCF5CF8317E12C09E8D8C17317268203F7BD
cli_api_get_object_totals_w_group_member_count.sh	\Operations\export_import	35773217	F7CDDA15FBF381D4BCA88F99BDE31AFA	722C25C728780129D6D587D2E944185629437104	C144FCE972A54EE37816C502D810D01973F30958803F8AC0A7EA1CC3DDD9219C
cli_api_import_objects_from_csv.sh	\Operations\export_import	AE8E80A9	B9A462EFA7509353DF4BD44D320B4997	BA59FDBCE6314EF30E989E972D446690EF1A9217	2AEC39806D1ACB0602D004A084CEE7755F5FC136CF4285E58F9B7EF5F96A6DC8
cli_api_set-update_objects_from_csv.sh	\Operations\export_import	C180F8AE	02E5718818E21FD5073F95EDA23F6C50	C0DB74AC882595655656E60DB732E825E42E0E0A	78DB42E8FEDF50DF4FF5C680F48B6422CCAE9542383692C9D239871B3D5D48B7
export_import_version_v00x31x00.version	\Operations\export_import	84E0172F	9BBDC510F44B0BD38B5804934F588D25	A0227A3617037011C18A07577E82C2BF1D35E0F5	1CEDD07F1A19C1333B9F60EA29167B1D6DA6923FD2E31C9D753248DD0836DF62
zzTouch.sh.CMD	\Operations\export_import	78449C17	A6F16897855F5CE26D24B1B931C4BE68	16010BE12EA0A64E185C0C9FFDF0961B30C19594	580DB31EE2FE628E8C770FB19AA6D364E39DF51870A7B2E356CEBE18EC110F22
cmd_line_parameters_handler.action.common.005.v00.31.00.sh	\Operations\export_import\common	1A4EC494	13D0082C71BE5331E447AF0980D66FD8	BA72573ED04E4198B2E5DCB0E3DED023975A49A7	97BA9D1DB072824339B95390845EAD6B770BE3B76B8F00BFACEFE781E420511A
common_version_v00x31x00.version	\Operations\export_import\common	5.34E+55	11724AB030BF19B25C80D8E172EC9AB1	5EB460B3BBF3A7B784ECB2FCC7B93AC63BBB5E18	78B295755DA5A2D63D9673F34B4EB3E5CEA3833F93C96600649C0FD4E8F0EB4B
identify_gaia_and_installation.action.common.005.v00.31.00.sh	\Operations\export_import\common	C4E12954	97091FEC91400DFDC2476BEA1FD751D2	2BE3898B0CC166B8E57369E5FCC2A8620B16EF0F	ABC9FE41404531EFA2E111E72BBA226D09BA19AF7C44D6E52F0AFF7CB0065924
zzTouch.sh.CMD	\Operations\export_import\common	78449C17	A6F16897855F5CE26D24B1B931C4BE68	16010BE12EA0A64E185C0C9FFDF0961B30C19594	580DB31EE2FE628E8C770FB19AA6D364E39DF51870A7B2E356CEBE18EC110F22
testing_operations_multi_domain_regular.txt	\Operations\export_import\test	E3F107F6	3B9151DB4F2FEB85E381AD20D9C5F1BC	EBA017D052E2C3932CF4867873DFD5436BB690D5	366A25B555DE99FAF6BBEBAE97CBFCC1BE2A53FD6E497D789E827C31D159EFD2
testing_operations_single_management_regular.txt	\Operations\export_import\test	8E6366E9	95D1A7DD99FB5C7244F6B78F8C3640B0	05690D347CC87153977E4E32AB2DE339E97EA8CE	A927DAEDF25D356C3409FD29E3BD30A91D80AE3CE5EBFBEC45A9EC63FD6D8EAF
address-ranges_name_csv.csv	\Operations\export_import\test\delete.csv	E52160B7	E55C852E3179A1122487D43AB13C6EB7	C5E5AB69CBD10556A7CD5EF01EC1918A24AB6725	0F18F59272F3D108483140F66BC873C6539C6E5F6352C4A61ABB44F3FC793F2F
dns-domains_name_csv.csv	\Operations\export_import\test\delete.csv	F56D1844	32798C4F6D37449ED9DB682166410534	3057B794E407C454CA89A46F72B36E3D7FDCF3E7	E76AFB441927AF5AF800E5C7D302DFF20F9CB3B49D10E2F75547B0767DDD21C4
groups-with-exclusion_name_csv.csv	\Operations\export_import\test\delete.csv	7D2120E4	BAC40512084D12D5880E46DCEAC91258	F3E19EC05007014B8B871AAAB5D9E45468A470CD	5309C0D0D2C10037ADC5891E455CE408E1D94BA07625E2D5010BC27593B601BE
groups_name_csv.csv	\Operations\export_import\test\delete.csv	22CDD320	208A399B82EE9EAFB9D4C274EAEAEF92	D8D43A3084B4AD306B2B00BC6D1A19CB46391F7D	9EC4E8182A11740609BF2268BBA2CA6BFD4B6BC0208E9415B08DD60E9EAC4865
hosts_name_csv.csv	\Operations\export_import\test\delete.csv	34E797F9	5DFFE08A343FC66B0035CD482911BE14	B80A2CD5FA18990B2BF140949E49D86CC86AD34E	557F16E452FB634CAAAA14EDFFD66023E52278672D4AC6C63B5F72422F36E67D
networks_name_csv.csv	\Operations\export_import\test\delete.csv	10E50506	DA3BE8BC552D1A0E181BBCB7C1C14EE2	3D66BD16594CA43D1D788CEE6BBCDD67A919C26C	907457F0D7820C35ECA4F9B16966D32543314D6BF1EFF558486A5B09208C69B7
security-zones_name_csv.csv	\Operations\export_import\test\delete.csv	49FD9780	B9F4B3C7A0ABC009EA8CF0270CFC2439	1D2A73D9DBB2D8403B6F1DD107BE1406DE4EF301	00475A55D9225DA9F589634BC4C7BCB267E022396452B0338BC7A245D8758EBC
address-ranges_name_csv.csv	\Operations\export_import\test\delete.large.csv	E52160B7	E55C852E3179A1122487D43AB13C6EB7	C5E5AB69CBD10556A7CD5EF01EC1918A24AB6725	0F18F59272F3D108483140F66BC873C6539C6E5F6352C4A61ABB44F3FC793F2F
dns-domains_name_csv.csv	\Operations\export_import\test\delete.large.csv	F56D1844	32798C4F6D37449ED9DB682166410534	3057B794E407C454CA89A46F72B36E3D7FDCF3E7	E76AFB441927AF5AF800E5C7D302DFF20F9CB3B49D10E2F75547B0767DDD21C4
groups-with-exclusion_name_csv.csv	\Operations\export_import\test\delete.large.csv	7D2120E4	BAC40512084D12D5880E46DCEAC91258	F3E19EC05007014B8B871AAAB5D9E45468A470CD	5309C0D0D2C10037ADC5891E455CE408E1D94BA07625E2D5010BC27593B601BE
groups_name_csv.csv	\Operations\export_import\test\delete.large.csv	22CDD320	208A399B82EE9EAFB9D4C274EAEAEF92	D8D43A3084B4AD306B2B00BC6D1A19CB46391F7D	9EC4E8182A11740609BF2268BBA2CA6BFD4B6BC0208E9415B08DD60E9EAC4865
hosts_name_csv.csv	\Operations\export_import\test\delete.large.csv	3.54E+04	629B059789B40254AE77E52D36354D78	1FD4F4080458B63796C8D5012F8F61C340932726	929C417FD473A88D51A6FDE4DCCAA2BA86A2ABA88ED21CA3E825385A5190CFA6
networks_name_csv.csv	\Operations\export_import\test\delete.large.csv	10E50506	DA3BE8BC552D1A0E181BBCB7C1C14EE2	3D66BD16594CA43D1D788CEE6BBCDD67A919C26C	907457F0D7820C35ECA4F9B16966D32543314D6BF1EFF558486A5B09208C69B7
security-zones_name_csv.csv	\Operations\export_import\test\delete.large.csv	49FD9780	B9F4B3C7A0ABC009EA8CF0270CFC2439	1D2A73D9DBB2D8403B6F1DD107BE1406DE4EF301	00475A55D9225DA9F589634BC4C7BCB267E022396452B0338BC7A245D8758EBC
address-ranges_full_csv.csv	\Operations\export_import\test\import.csv	21D0DB8D	D2121DD5F5D125021C8C34F263693311	71FACDBB08FB56EAD8152AB65B5AFD6DC4250419	381DA106AE1B2AC7B275992861DBEBF7A8BB8F7A7D02990CE14E08D2050FDD01
dns-domains_full_csv.csv	\Operations\export_import\test\import.csv	2FDDF607	932D7F09940D99C7BAAC422420F69A35	5B1BF9F70B2E781E89C48EB564A513422D7CCEA5	CE00D75674CDBC741A98A576C888F1A26F1CC4CAF2094F66E96ABE3A5F94CF5C
group-members_full_csv.csv	\Operations\export_import\test\import.csv	FBA57105	E4111D781B47E4610E1EA8561BF1A837	A4520563D12D4F99C175ACFBB17DFC2BFD9921DA	F7A972EB6F64D514B13249413044E43057BE938C078E9CE64A21D187DD6AF850
groups-with-exclusion_full_csv.csv	\Operations\export_import\test\import.csv	1A88C823	AB97C3CB6F80B6AC12283CA25ABDE8A4	52F085A4FD6090FEF3C19B6D4D7A01B1D7101417	3AC035F86C76CF2A85B8513963F5259F7E88B60424F02DBC93D11E8030BB673E
groups_full_csv.csv	\Operations\export_import\test\import.csv	00C3F8EA	2844870D179D524F412B3A360A1E2C80	0ED49F6A09873F18865120A6203F635E50D16D82	471F10005B232EBE19C0E2DD8BEFDF1E0EB7CBD80125C2725EAB10B5403B2098
host-interfaces_full_csv.csv	\Operations\export_import\test\import.csv	5602DBF7	5315A8A40E4838AE30354129B53C5411	8D20C9C9158BC4A423B325CD094C5D562E4C0579	1B26B66BD189865873C8A7C3F112B5932C02F32A01A614405EB357C1F77BA9CD
hosts_full_csv.csv	\Operations\export_import\test\import.csv	371B4B8A	7FA802A6458F9AA6DF6FBA613AA4B88E	3ED2C130326370AD8BB4E3D2B7F69F95EDFE5E4F	048E0BCEB038D04B7D6491FEC50C852E2137BDA7B830E94E316EABBA44176898
networks_full_csv.csv	\Operations\export_import\test\import.csv	801CFC8C	3313DDAFDECF199CD1B2032DBC527A02	B305D9EC7F57E5C80119E362BF3341855ECC48C1	B51D3319C9116BC0F5637A019990767F11A293B9DB428F244CC5DE380801E20A
networks_special_set_csv.csv	\Operations\export_import\test\import.csv	4EBAE812	217A62076156A0015F42B6A0B86EF20D	04598D924FDA8ADDC71C0089FAD2ECD849B0B364	DE6B455662E252C7385ADBF107FD2E36A4179561BFAA2D86FC7E214165E2B774
security-zones_full_csv.csv	\Operations\export_import\test\import.csv	5587DA69	933C407149A4CB192AF9B77C6252075D	BACEE39EC1F279F6599DE21F91347A5BBA188F80	D0980FEA58F8DC7869FF65D9B2F7AEC38415BFA852E7DF6057A14BFBC1FEFCBC
address-ranges_full_csv.csv	\Operations\export_import\test\import.large.csv	21D0DB8D	D2121DD5F5D125021C8C34F263693311	71FACDBB08FB56EAD8152AB65B5AFD6DC4250419	381DA106AE1B2AC7B275992861DBEBF7A8BB8F7A7D02990CE14E08D2050FDD01
dns-domains_full_csv.csv	\Operations\export_import\test\import.large.csv	2FDDF607	932D7F09940D99C7BAAC422420F69A35	5B1BF9F70B2E781E89C48EB564A513422D7CCEA5	CE00D75674CDBC741A98A576C888F1A26F1CC4CAF2094F66E96ABE3A5F94CF5C
group-members_full_csv.csv	\Operations\export_import\test\import.large.csv	FBA57105	E4111D781B47E4610E1EA8561BF1A837	A4520563D12D4F99C175ACFBB17DFC2BFD9921DA	F7A972EB6F64D514B13249413044E43057BE938C078E9CE64A21D187DD6AF850
groups-with-exclusion_full_csv.csv	\Operations\export_import\test\import.large.csv	1A88C823	AB97C3CB6F80B6AC12283CA25ABDE8A4	52F085A4FD6090FEF3C19B6D4D7A01B1D7101417	3AC035F86C76CF2A85B8513963F5259F7E88B60424F02DBC93D11E8030BB673E
groups_full_csv.csv	\Operations\export_import\test\import.large.csv	00C3F8EA	2844870D179D524F412B3A360A1E2C80	0ED49F6A09873F18865120A6203F635E50D16D82	471F10005B232EBE19C0E2DD8BEFDF1E0EB7CBD80125C2725EAB10B5403B2098
host-interfaces_full_csv.csv	\Operations\export_import\test\import.large.csv	5602DBF7	5315A8A40E4838AE30354129B53C5411	8D20C9C9158BC4A423B325CD094C5D562E4C0579	1B26B66BD189865873C8A7C3F112B5932C02F32A01A614405EB357C1F77BA9CD
hosts_full_csv.csv	\Operations\export_import\test\import.large.csv	0861E29B	53E940AD502351D452F20D0B3BA39FBC	48DAE2CB486B5CA44926435ABE3A3A4EB345949E	4BB897D10AD9421435D97045C4788A577B5CD53C0CCB9756222DA1B5EAC3927C
networks_full_csv.csv	\Operations\export_import\test\import.large.csv	801CFC8C	3313DDAFDECF199CD1B2032DBC527A02	B305D9EC7F57E5C80119E362BF3341855ECC48C1	B51D3319C9116BC0F5637A019990767F11A293B9DB428F244CC5DE380801E20A
networks_special_set_csv.csv	\Operations\export_import\test\import.large.csv	4EBAE812	217A62076156A0015F42B6A0B86EF20D	04598D924FDA8ADDC71C0089FAD2ECD849B0B364	DE6B455662E252C7385ADBF107FD2E36A4179561BFAA2D86FC7E214165E2B774
security-zones_full_csv.csv	\Operations\export_import\test\import.large.csv	5587DA69	933C407149A4CB192AF9B77C6252075D	BACEE39EC1F279F6599DE21F91347A5BBA188F80	D0980FEA58F8DC7869FF65D9B2F7AEC38415BFA852E7DF6057A14BFBC1FEFCBC
groups_full_csv.csv	\Operations\export_import\test\set_update.csv	93943215	75C9469108D89CCFAF23222452EE1A9D	BC9F87721535FAC87A9F4323C42A6416EEC6B0E0	0A6126E1778D853785780196FB0FAECD69979D1B48348DD83B3176431C6CB8BE
hosts_full_csv.csv	\Operations\export_import\test\set_update.csv	212CBCC4	FBA8C56EC958A8AEE95CCCCAE32EECC8	63A9DD056DF8636F62F75566C86F11CAFE3EE5DF	1791FD9F0505884B521551130399E997B8EDC8C5BE46A7E872BE1A0C95300A03
networks_full_csv.csv	\Operations\export_import\test\set_update.csv	DF07C0F0	E4FB3F181A3D78073C507634333F1A16	3AB55AAA223215C7E49750AA95D96D31AF23FE7C	8B1F502E9E079F28459C63B76A94B5634A903D81CE0CFFF452D648A743462E82
security-zones_full_csv.csv	\Operations\export_import\test\set_update.csv	F059CDAA	33AC7818590199B100A8C9014C2CDD70	649B639F37AAB531D31359850BF31562EBB06346	021D8B949F05D789DE715B5C587FC1F4A611174D96CA2F62416573B829024BBF
MDM_Get_Domains_List_v00.01.00.wip.sh	\Operations\MDM	8C21B60F	FD3F7BC8EB5B57FB7883CF1428198DD1	3BC81A77F0A1DDE97B026607ABD3B7B045B7C365	DD2F477AA9FD72F6ED0CFC66DDBE35A1B8CBFAB7FABF895B7F31B745A68E261A
api_mgmt_cli_shell_template_with_cmd_line_parameters.template.v00.31.00.sh	\Operations\_templates	A5528798	1510543594761CD91D9E61EB220FD8A9	924DA47A897D1A6B9482A795E33DAE449C298F30	9577D93706D3D3DD3678CA2BB29AE56B7806E7C4C1FB568472E2C92074F8743D
api_mgmt_cli_shell_template_with_cmd_line_parameters_script.template.v00.31.00..sh	\Operations\_templates	5E04B607	1BAFC0B7B1D1FA8F099D039C04DF1BB0	11A593EE3ED019810411034A46A714EBB1622096	E49D1F316E34DBE96079E5474EEE43D76D3D54C94614B34ABDC20EEEAAC19061
test._templates.v00.31.00.sh	\Operations\_templates	47D9F3CE	064D2F2F96C989B41FDCD238362943AF	2EE40E9F5C365699AACB64A2BE5A48AF37053B2F	B3A3720ACE07EAE9D152F8226D8E0E54B87ED5D172ED7B8D2B21522ED1785252
zzTouch.sh.CMD	\Operations\_templates	78449C17	A6F16897855F5CE26D24B1B931C4BE68	16010BE12EA0A64E185C0C9FFDF0961B30C19594	580DB31EE2FE628E8C770FB19AA6D364E39DF51870A7B2E356CEBE18EC110F22
_templates_version_v00x31x00.version	\Operations\_templates	A20C006F	15C4CF180381C44148C28BFA3F0C6EF5	B2536F27235E41A54AACF171D3BECA6647BF3159	5101F322C728570F4CEE1A259AF2A4B5CDEFEAEB5B1AA8465282B3BC818D2618
cmd_line_parameters_handler.action.common.005.v00.31.00.sh	\Operations\_templates\common	1A4EC494	13D0082C71BE5331E447AF0980D66FD8	BA72573ED04E4198B2E5DCB0E3DED023975A49A7	97BA9D1DB072824339B95390845EAD6B770BE3B76B8F00BFACEFE781E420511A
common_version_v00x31x00.version	\Operations\_templates\common	5.34E+55	11724AB030BF19B25C80D8E172EC9AB1	5EB460B3BBF3A7B784ECB2FCC7B93AC63BBB5E18	78B295755DA5A2D63D9673F34B4EB3E5CEA3833F93C96600649C0FD4E8F0EB4B
identify_gaia_and_installation.action.common.005.v00.31.00.sh	\Operations\_templates\common	C4E12954	97091FEC91400DFDC2476BEA1FD751D2	2BE3898B0CC166B8E57369E5FCC2A8620B16EF0F	ABC9FE41404531EFA2E111E72BBA226D09BA19AF7C44D6E52F0AFF7CB0065924
zzTouch.sh.CMD	\Operations\_templates\common	78449C17	A6F16897855F5CE26D24B1B931C4BE68	16010BE12EA0A64E185C0C9FFDF0961B30C19594	580DB31EE2FE628E8C770FB19AA6D364E39DF51870A7B2E356CEBE18EC110F22
